{
    "Qirhareseth": "https://biblehub.com/topical/q/qirhareseth.htm",
    "Qir-Hareseth": "https://biblehub.com/topical/q/qir-hareseth.htm",
    "Qoph": "https://biblehub.com/topical/q/qoph.htm",
    "Quadrangle": "https://biblehub.com/topical/q/quadrangle.htm",
    "Quadrans": "https://biblehub.com/topical/q/quadrans.htm",
    "Quadrupeds": "https://biblehub.com/topical/q/quadrupeds.htm",
    "Quaff": "https://biblehub.com/topical/q/quaff.htm",
    "Quaffer": "https://biblehub.com/topical/q/quaffer.htm",
    "Quaffers": "https://biblehub.com/topical/q/quaffers.htm",
    "Quail": "https://biblehub.com/topical/q/quail.htm",
    "Quail: The Miracle of, at Kibroth-Hattaavah": "https://biblehub.com/topical/naves/q/quail--the_miracle_of,_at_kibroth-hattaavah.htm",
    "Quail: The Miracle of, in the Wilderness of Sin": "https://biblehub.com/topical/naves/q/quail--the_miracle_of,_in_the_wilderness_of_sin.htm",
    "Quails": "https://biblehub.com/topical/q/quails.htm",
    "Quake": "https://biblehub.com/topical/q/quake.htm",
    "Quaked": "https://biblehub.com/topical/q/quaked.htm",
    "Quakes": "https://biblehub.com/topical/q/quakes.htm",
    "Quaketh": "https://biblehub.com/topical/q/quaketh.htm",
    "Quaking": "https://biblehub.com/topical/q/quaking.htm",
    "Qualified": "https://biblehub.com/topical/q/qualified.htm",
    "Qualify": "https://biblehub.com/topical/q/qualify.htm",
    "Qualities": "https://biblehub.com/topical/q/qualities.htm",
    "Qualities of Christ": "https://biblehub.com/topical/q/qualities_of_christ.htm",
    "Quality": "https://biblehub.com/topical/q/quality.htm",
    "Quality Living": "https://biblehub.com/topical/q/quality_living.htm",
    "Qualm": "https://biblehub.com/topical/q/qualm.htm",
    "Quantities": "https://biblehub.com/topical/q/quantities.htm",
    "Quantity": "https://biblehub.com/topical/q/quantity.htm",
    "Quarantania": "https://biblehub.com/topical/q/quarantania.htm",
    "Quarantine": "https://biblehub.com/topical/q/quarantine.htm",
    "Quarantined": "https://biblehub.com/topical/q/quarantined.htm",
    "Quarrel": "https://biblehub.com/topical/q/quarrel.htm",
    "Quarreled": "https://biblehub.com/topical/q/quarreled.htm",
    "Quarreling": "https://biblehub.com/topical/q/quarreling.htm",
    "Quarrelled": "https://biblehub.com/topical/q/quarrelled.htm",
    "Quarrelling": "https://biblehub.com/topical/q/quarrelling.htm",
    "Quarrellings": "https://biblehub.com/topical/q/quarrellings.htm",
    "Quarrels": "https://biblehub.com/topical/q/quarrels.htm",
    "Quarrelsome": "https://biblehub.com/topical/q/quarrelsome.htm",
    "Quarried": "https://biblehub.com/topical/q/quarried.htm",
    "Quarries": "https://biblehub.com/topical/q/quarries.htm",
    "Quarries: General Scriptures Concerning": "https://biblehub.com/topical/naves/q/quarries--general_scriptures_concerning.htm",
    "Quarrieth": "https://biblehub.com/topical/q/quarrieth.htm",
    "Quarry": "https://biblehub.com/topical/q/quarry.htm",
    "Quart": "https://biblehub.com/topical/q/quart.htm",
    "Quarter": "https://biblehub.com/topical/q/quarter.htm",
    "Quartered": "https://biblehub.com/topical/q/quartered.htm",
    "Quartermaster": "https://biblehub.com/topical/q/quartermaster.htm",
    "Quarters": "https://biblehub.com/topical/q/quarters.htm",
    "Quarts": "https://biblehub.com/topical/q/quarts.htm",
    "Quartus": "https://biblehub.com/topical/q/quartus.htm",
    "Quartus: A Christian Man in Corinth": "https://biblehub.com/topical/naves/q/quartus--a_christian_man_in_corinth.htm",
    "Quaternion": "https://biblehub.com/topical/q/quaternion.htm",
    "Quaternion of Soldiers": "https://biblehub.com/topical/q/quaternion_of_soldiers.htm",
    "Quaternion: A Squad of Four Soldiers": "https://biblehub.com/topical/naves/q/quaternion--a_squad_of_four_soldiers.htm",
    "Quaternions": "https://biblehub.com/topical/q/quaternions.htm",
    "Queen": "https://biblehub.com/topical/q/queen.htm",
    "Queen Mother": "https://biblehub.com/topical/q/queen_mother.htm",
    "Queen of Heaven": "https://biblehub.com/topical/q/queen_of_heaven.htm",
    "Queen of Sheba": "https://biblehub.com/topical/q/queen_of_sheba.htm",
    "Queen of Sheba, Visits Solomon": "https://biblehub.com/topical/naves/q/queen_of_sheba,_visits_solomon.htm",
    "Queen: Candace, of Ethiopia": "https://biblehub.com/topical/naves/q/queen--candace,_of_ethiopia.htm",
    "Queen: Counsels the King": "https://biblehub.com/topical/naves/q/queen--counsels_the_king.htm",
    "Queen: Crowned": "https://biblehub.com/topical/naves/q/queen--crowned.htm",
    "Queen: Divorced": "https://biblehub.com/topical/naves/q/queen--divorced.htm",
    "Queen: Makes Feasts for the Women of the Royal Household": "https://biblehub.com/topical/naves/q/queen--makes_feasts_for_the_women_of_the_royal_household.htm",
    "Queen: Sits on the Throne With the King": "https://biblehub.com/topical/naves/q/queen--sits_on_the_throne_with_the_king.htm",
    "Queen: The Moon Was Called \"The Queen of Heaven\"": "https://biblehub.com/topical/naves/q/queen--the_moon_was_called_the_queen_of_heaven.htm",
    "Queen: The Wife of a King": "https://biblehub.com/topical/naves/q/queen--the_wife_of_a_king.htm",
    "Queenly": "https://biblehub.com/topical/q/queenly.htm",
    "Queen-mother": "https://biblehub.com/topical/q/queen-mother.htm",
    "Queens": "https://biblehub.com/topical/q/queens.htm",
    "Queen's": "https://biblehub.com/topical/q/queen's.htm",
    "Quench": "https://biblehub.com/topical/q/quench.htm",
    "Quenched": "https://biblehub.com/topical/q/quenched.htm",
    "Quencher": "https://biblehub.com/topical/q/quencher.htm",
    "Quencheth": "https://biblehub.com/topical/q/quencheth.htm",
    "Quenching": "https://biblehub.com/topical/q/quenching.htm",
    "Quest": "https://biblehub.com/topical/q/quest.htm",
    "Question": "https://biblehub.com/topical/q/question.htm",
    "Cross-Questioning: General Scriptures Concerning": "https://biblehub.com/topical/naves/c/cross-questioning--general_scriptures_concerning.htm",
    "Questioned": "https://biblehub.com/topical/q/questioned.htm",
    "Questioning": "https://biblehub.com/topical/q/questioning.htm",
    "Questionings": "https://biblehub.com/topical/q/questionings.htm",
    "Questions": "https://biblehub.com/topical/q/questions.htm",
    "Quick": "https://biblehub.com/topical/q/quick.htm",
    "Quick Money": "https://biblehub.com/topical/q/quick_money.htm",
    "Quick Temper": "https://biblehub.com/topical/q/quick_temper.htm",
    "Quicken": "https://biblehub.com/topical/q/quicken.htm",
    "Quickened": "https://biblehub.com/topical/q/quickened.htm",
    "Quickenest": "https://biblehub.com/topical/q/quickenest.htm",
    "Quickeneth": "https://biblehub.com/topical/q/quickeneth.htm",
    "Quickening": "https://biblehub.com/topical/q/quickening.htm",
    "Quickening of God's People by the Father": "https://biblehub.com/topical/naves/q/quickening_of_god's_people_by_the_father.htm",
    "Quickening of God's People by the Holy Spirit": "https://biblehub.com/topical/naves/q/quickening_of_god's_people_by_the_holy_spirit.htm",
    "Quickening of God's People by the Son": "https://biblehub.com/topical/naves/q/quickening_of_god's_people_by_the_son.htm",
    "Quickens": "https://biblehub.com/topical/q/quickens.htm",
    "Quicker": "https://biblehub.com/topical/q/quicker.htm",
    "Quick-footed": "https://biblehub.com/topical/q/quick-footed.htm",
    "Quickly": "https://biblehub.com/topical/q/quickly.htm",
    "Quick-moving": "https://biblehub.com/topical/q/quick-moving.htm",
    "Quick-running": "https://biblehub.com/topical/q/quick-running.htm",
    "Quicksand": "https://biblehub.com/topical/q/quicksand.htm",
    "Quicksands": "https://biblehub.com/topical/q/quicksands.htm",
    "Quick-tempered": "https://biblehub.com/topical/q/quick-tempered.htm",
    "Quiet": "https://biblehub.com/topical/q/quiet.htm",
    "Quiet Time": "https://biblehub.com/topical/q/quiet_time.htm",
    "Quieted": "https://biblehub.com/topical/q/quieted.htm",
    "Quieteth": "https://biblehub.com/topical/q/quieteth.htm",
    "Quieting": "https://biblehub.com/topical/q/quieting.htm",
    "Quietly": "https://biblehub.com/topical/q/quietly.htm",
    "Quietness": "https://biblehub.com/topical/q/quietness.htm",
    "Quiets": "https://biblehub.com/topical/q/quiets.htm",
    "Quilt": "https://biblehub.com/topical/q/quilt.htm",
    "Quintus": "https://biblehub.com/topical/q/quintus.htm",
    "Quintus Memmius": "https://biblehub.com/topical/q/quintus_memmius.htm",
    "Quirinius": "https://biblehub.com/topical/q/quirinius.htm",
    "Quirinius: Governor of Syria when Jesus Was Born": "https://biblehub.com/topical/naves/q/quirinius--governor_of_syria_when_jesus_was_born.htm",
    "Quirin'i-us": "https://biblehub.com/topical/q/quirin'i-us.htm",
    "Quit": "https://biblehub.com/topical/q/quit.htm",
    "Quit You Like Men": "https://biblehub.com/topical/q/quit_you_like_men.htm",
    "Quite": "https://biblehub.com/topical/q/quite.htm",
    "Quits": "https://biblehub.com/topical/q/quits.htm",
    "Quitting": "https://biblehub.com/topical/q/quitting.htm",
    "Quiver": "https://biblehub.com/topical/q/quiver.htm",
    "Quiver for Arrows": "https://biblehub.com/topical/naves/q/quiver_for_arrows.htm",
    "Quivered": "https://biblehub.com/topical/q/quivered.htm",
    "Quivering": "https://biblehub.com/topical/q/quivering.htm",
    "Quivers": "https://biblehub.com/topical/q/quivers.htm",
    "Quota": "https://biblehub.com/topical/q/quota.htm",
    "Quotas": "https://biblehub.com/topical/q/quotas.htm",
    "Quotations": "https://biblehub.com/topical/q/quotations.htm",
    "Quotations and Allusions in the New Testament From, and To, the Old Testament": "https://biblehub.com/topical/naves/q/quotations_and_allusions_in_the_new_testament_from,_and_to,_the_old_testament.htm",
    "Quotations in the New Testament": "https://biblehub.com/topical/q/quotations_in_the_new_testament.htm",
    "Quote": "https://biblehub.com/topical/q/quote.htm",
    "Quoted": "https://biblehub.com/topical/q/quoted.htm",
    "Quotes": "https://biblehub.com/topical/q/quotes.htm",
    "Quoting": "https://biblehub.com/topical/q/quoting.htm"
}