{
    "Vacancy": "https://biblehub.com/topical/v/vacancy.htm",
    "Vacation": "https://biblehub.com/topical/v/vacation.htm",
    "Vacillating": "https://biblehub.com/topical/v/vacillating.htm",
    "Vacillation": "https://biblehub.com/topical/v/vacillation.htm",
    "Vagabond": "https://biblehub.com/topical/v/vagabond.htm",
    "Vagabonds": "https://biblehub.com/topical/v/vagabonds.htm",
    "Vagrant": "https://biblehub.com/topical/v/vagrant.htm",
    "Vaheb": "https://biblehub.com/topical/v/vaheb.htm",
    "the Sacred Vail of the Flesh of Christ Which Concealed his Divinity": "https://biblehub.com/topical/ttt/t/the_sacred_vail_of_the_flesh_of_christ_which_concealed_his_divinity.htm",
    "the Sacred Vail of the Obscurity of the Mosaic Age": "https://biblehub.com/topical/ttt/t/the_sacred_vail_of_the_obscurity_of_the_mosaic_age.htm",
    "the Sacred Vail was Rent at the Death of Our Lord": "https://biblehub.com/topical/ttt/t/the_sacred_vail_was_rent_at_the_death_of_our_lord.htm",
    "the Sacred Vail: (Tearing of) the Death of Christ Which Opened Heaven To": "https://biblehub.com/topical/ttt/t/the_sacred_vail--(tearing_of)_the_death_of_christ_which_opened_heaven_to.htm",
    "the Sacred Vail: Designed to Conceal the Ark, Mercy Seat, and the Symbol of": "https://biblehub.com/topical/ttt/t/the_sacred_vail--designed_to_conceal_the_ark,_mercy_seat,_and_the_symbol_of.htm",
    "the Sacred Vail: Hung Between the Holy and Most Holy Place": "https://biblehub.com/topical/ttt/t/the_sacred_vail--hung_between_the_holy_and_most_holy_place.htm",
    "the Sacred Vail: Made by Bezaleel for the Tabernacle": "https://biblehub.com/topical/ttt/t/the_sacred_vail--made_by_bezaleel_for_the_tabernacle.htm",
    "the Sacred Vail: Made by Solomon for the Temple": "https://biblehub.com/topical/ttt/t/the_sacred_vail--made_by_solomon_for_the_temple.htm",
    "the Sacred Vail: Moses Commanded to Make": "https://biblehub.com/topical/ttt/t/the_sacred_vail--moses_commanded_to_make.htm",
    "the Sacred Vail: Suspended from Four Pillars of Shittim Wood Overlaid With": "https://biblehub.com/topical/ttt/t/the_sacred_vail--suspended_from_four_pillars_of_shittim_wood_overlaid_with.htm",
    "the Sacred Vail: The High Priest: Allowed to Enter But Once a Year": "https://biblehub.com/topical/ttt/t/the_sacred_vail--the_high_priest--allowed_to_enter_but_once_a_year.htm",
    "the Sacred Vail: The High Priest: Alone Allowed to Enter Within": "https://biblehub.com/topical/ttt/t/the_sacred_vail--the_high_priest--alone_allowed_to_enter_within.htm",
    "the Sacred Vail: The High Priest: Could not Enter Without Blood": "https://biblehub.com/topical/ttt/t/the_sacred_vail--the_high_priest--could_not_enter_without_blood.htm",
    "Vail": "https://biblehub.com/topical/v/vail.htm",
    "Vail or Veil of the Spiritual Blindness of the Gentile Nations": "https://biblehub.com/topical/ttt/v/vail_or_veil_of_the_spiritual_blindness_of_the_gentile_nations.htm",
    "Vail or Veil of the Spiritual Blindness of the Jewish Nation": "https://biblehub.com/topical/ttt/v/vail_or_veil_of_the_spiritual_blindness_of_the_jewish_nation.htm",
    "Vail or Veil was Worn for Concealment": "https://biblehub.com/topical/ttt/v/vail_or_veil_was_worn_for_concealment.htm",
    "Vail or Veil was Worn: As a Token of Modesty": "https://biblehub.com/topical/ttt/v/vail_or_veil_was_worn--as_a_token_of_modesty.htm",
    "Vail or Veil was Worn: As a Token of Subjection": "https://biblehub.com/topical/ttt/v/vail_or_veil_was_worn--as_a_token_of_subjection.htm",
    "Vail or Veil: A Covering for the Head Usually Worn by Women": "https://biblehub.com/topical/ttt/v/vail_or_veil--a_covering_for_the_head_usually_worn_by_women.htm",
    "Vail or Veil: Moses Put One on to Conceal the Glory of his Face": "https://biblehub.com/topical/ttt/v/vail_or_veil--moses_put_one_on_to_conceal_the_glory_of_his_face.htm",
    "Vail or Veil: Removing of, Threatened As a Punishment to Ungodly Women": "https://biblehub.com/topical/ttt/v/vail_or_veil--removing_of,_threatened_as_a_punishment_to_ungodly_women.htm",
    "Vail or Veil: The Removing of, Considered Rude and Insolent": "https://biblehub.com/topical/ttt/v/vail_or_veil--the_removing_of,_considered_rude_and_insolent.htm",
    "Vail: A Covering for the Ark of the Covenant": "https://biblehub.com/topical/naves/v/vail--a_covering_for_the_ark_of_the_covenant.htm",
    "Vail: Called the Second Veil": "https://biblehub.com/topical/naves/v/vail--called_the_second_veil.htm",
    "Vail: Figurative": "https://biblehub.com/topical/naves/v/vail--figurative.htm",
    "Vail: Made by Bezaleel and Aholiab": "https://biblehub.com/topical/naves/v/vail--made_by_bezaleel_and_aholiab.htm",
    "Vail: of the Temple": "https://biblehub.com/topical/naves/v/vail--of_the_temple.htm",
    "Vail: of the Temple: Torn from the Top to the Bottom at the Time of the Crucifixion of Jesus": "https://biblehub.com/topical/naves/v/vail--of_the_temple--torn_from_the_top_to_the_bottom_at_the_time_of_the_crucifixion_of_jesus.htm",
    "Vail: Ordinances Prescribing": "https://biblehub.com/topical/naves/v/vail--ordinances_prescribing.htm",
    "Vailed": "https://biblehub.com/topical/v/vailed.htm",
    "Vails": "https://biblehub.com/topical/v/vails.htm",
    "Vain": "https://biblehub.com/topical/v/vain.htm",
    "Vainglorious": "https://biblehub.com/topical/v/vainglorious.htm",
    "Vain-glorious": "https://biblehub.com/topical/v/vain-glorious.htm",
    "Vainglory": "https://biblehub.com/topical/v/vainglory.htm",
    "Vain-glory": "https://biblehub.com/topical/v/vain-glory.htm",
    "Vainly": "https://biblehub.com/topical/v/vainly.htm",
    "Vain-talkers": "https://biblehub.com/topical/v/vain-talkers.htm",
    "Vain-words": "https://biblehub.com/topical/v/vain-words.htm",
    "Vaizatha": "https://biblehub.com/topical/v/vaizatha.htm",
    "Vaiza'tha": "https://biblehub.com/topical/v/vaiza'tha.htm",
    "Vajezatha": "https://biblehub.com/topical/v/vajezatha.htm",
    "Vajezatha: Son of Haman": "https://biblehub.com/topical/naves/v/vajezatha--son_of_haman.htm",
    "Vale": "https://biblehub.com/topical/v/vale.htm",
    "Valiant": "https://biblehub.com/topical/v/valiant.htm",
    "Valiantest": "https://biblehub.com/topical/v/valiantest.htm",
    "Valiantly": "https://biblehub.com/topical/v/valiantly.htm",
    "Valiants": "https://biblehub.com/topical/v/valiants.htm",
    "Valid": "https://biblehub.com/topical/v/valid.htm",
    "Valley": "https://biblehub.com/topical/v/valley.htm",
    "Valley Gate": "https://biblehub.com/topical/v/valley_gate.htm",
    "Valley Of Achor": "https://biblehub.com/topical/v/valley_of_achor.htm",
    "Valley Of Berachah": "https://biblehub.com/topical/v/valley_of_berachah.htm",
    "Valley of Decision": "https://biblehub.com/topical/v/valley_of_decision.htm",
    "Valley of Giants": "https://biblehub.com/topical/v/valley_of_giants.htm",
    "Valley Of Jehoshaphat": "https://biblehub.com/topical/v/valley_of_jehoshaphat.htm",
    "Valley of Keziz": "https://biblehub.com/topical/v/valley_of_keziz.htm",
    "Valley Of Salt": "https://biblehub.com/topical/v/valley_of_salt.htm",
    "Valley of Slaughter": "https://biblehub.com/topical/v/valley_of_slaughter.htm",
    "Valley of The Giants": "https://biblehub.com/topical/v/valley_of_the_giants.htm",
    "Valley of Vision": "https://biblehub.com/topical/v/valley_of_vision.htm",
    "Valley Vale": "https://biblehub.com/topical/v/valley_vale.htm",
    "Valley-gate": "https://biblehub.com/topical/v/valley-gate.htm",
    "Valleys": "https://biblehub.com/topical/v/valleys.htm",
    "Valleys of Israel Well Tilled and Fruitful": "https://biblehub.com/topical/ttt/v/valleys_of_israel_well_tilled_and_fruitful.htm",
    "Valleys of the Church of Christ": "https://biblehub.com/topical/ttt/v/valleys_of_the_church_of_christ.htm",
    "Valleys: (Dark) of Affliction and Death": "https://biblehub.com/topical/ttt/v/valleys--(dark)_of_affliction_and_death.htm",
    "Valleys: (Filling up of) of Removing all Obstructions to the Gospel": "https://biblehub.com/topical/ttt/v/valleys--(filling_up_of)_of_removing_all_obstructions_to_the_gospel.htm",
    "Valleys: (Fruitful and Well Watered) of the Tents of Israel": "https://biblehub.com/topical/ttt/v/valleys--(fruitful_and_well_watered)_of_the_tents_of_israel.htm",
    "Valleys: Abounded With: Doves": "https://biblehub.com/topical/ttt/v/valleys--abounded_with--doves.htm",
    "Valleys: Abounded With: Fountains and Springs": "https://biblehub.com/topical/ttt/v/valleys--abounded_with--fountains_and_springs.htm",
    "Valleys: Abounded With: Lily of the Valley": "https://biblehub.com/topical/ttt/v/valleys--abounded_with--lily_of_the_valley.htm",
    "Valleys: Abounded With: Ravens": "https://biblehub.com/topical/ttt/v/valleys--abounded_with--ravens.htm",
    "Valleys: Abounded With: Rocks and Caves": "https://biblehub.com/topical/ttt/v/valleys--abounded_with--rocks_and_caves.htm",
    "Valleys: Abounded With: Trees": "https://biblehub.com/topical/ttt/v/valleys--abounded_with--trees.htm",
    "Valleys: Achor": "https://biblehub.com/topical/ttt/v/valleys--achor.htm",
    "Valleys: Ajalon": "https://biblehub.com/topical/ttt/v/valleys--ajalon.htm",
    "Valleys: Baca": "https://biblehub.com/topical/ttt/v/valleys--baca.htm",
    "Valleys: Berachah": "https://biblehub.com/topical/ttt/v/valleys--berachah.htm",
    "Valleys: Bochim": "https://biblehub.com/topical/ttt/v/valleys--bochim.htm",
    "Valleys: Called: Dales": "https://biblehub.com/topical/ttt/v/valleys--called--dales.htm",
    "Valleys: Called: Fat Valleys, when Fruitful": "https://biblehub.com/topical/ttt/v/valleys--called--fat_valleys,_when_fruitful.htm",
    "Valleys: Called: Rough Valleys, when Uncultivated and Barren": "https://biblehub.com/topical/ttt/v/valleys--called--rough_valleys,_when_uncultivated_and_barren.htm",
    "Valleys: Called: Vales": "https://biblehub.com/topical/ttt/v/valleys--called--vales.htm",
    "Valleys: Canaan Abounded In": "https://biblehub.com/topical/ttt/v/valleys--canaan_abounded_in.htm",
    "Valleys: Charashim": "https://biblehub.com/topical/ttt/v/valleys--charashim.htm",
    "Valleys: Elah": "https://biblehub.com/topical/ttt/v/valleys--elah.htm",
    "Valleys: Eshcol": "https://biblehub.com/topical/ttt/v/valleys--eshcol.htm",
    "Valleys: Gad": "https://biblehub.com/topical/ttt/v/valleys--gad.htm",
    "Valleys: Gerar": "https://biblehub.com/topical/ttt/v/valleys--gerar.htm",
    "Valleys: Gibeon": "https://biblehub.com/topical/ttt/v/valleys--gibeon.htm",
    "Valleys: Hebron": "https://biblehub.com/topical/ttt/v/valleys--hebron.htm",
    "Valleys: Hinnom or Tophet": "https://biblehub.com/topical/ttt/v/valleys--hinnom_or_tophet.htm",
    "Valleys: Jehoshaphat or Decision": "https://biblehub.com/topical/ttt/v/valleys--jehoshaphat_or_decision.htm",
    "Valleys: Jephthah-El": "https://biblehub.com/topical/ttt/v/valleys--jephthah-el.htm",
    "Valleys: Jericho": "https://biblehub.com/topical/ttt/v/valleys--jericho.htm",
    "Valleys: Jezreel": "https://biblehub.com/topical/ttt/v/valleys--jezreel.htm",
    "Valleys: Keziz": "https://biblehub.com/topical/ttt/v/valleys--keziz.htm",
    "Valleys: Lebanon": "https://biblehub.com/topical/ttt/v/valleys--lebanon.htm",
    "Valleys: Megiddo": "https://biblehub.com/topical/ttt/v/valleys--megiddo.htm",
    "Valleys: Miracles Connected With: Ditches In, Filled With Water": "https://biblehub.com/topical/ttt/v/valleys--miracles_connected_with--ditches_in,_filled_with_water.htm",
    "Valleys: Miracles Connected With: The Moon Made to Stand Still Over Ajalon": "https://biblehub.com/topical/ttt/v/valleys--miracles_connected_with--the_moon_made_to_stand_still_over_ajalon.htm",
    "Valleys: Miracles Connected With: Water In, Made to Appear to the Moabites Like Blood": "https://biblehub.com/topical/ttt/v/valleys--miracles_connected_with--water_in,_made_to_appear_to_the_moabites_like_blood.htm",
    "Valleys: Moab where Moses Was Buried": "https://biblehub.com/topical/ttt/v/valleys--moab_where_moses_was_buried.htm",
    "Valleys: Often the Scenes of Great Contests": "https://biblehub.com/topical/ttt/v/valleys--often_the_scenes_of_great_contests.htm",
    "Valleys: Often the Scenes of Idolatrous Rites": "https://biblehub.com/topical/ttt/v/valleys--often_the_scenes_of_idolatrous_rites.htm",
    "Valleys: Passengers or Hamongog": "https://biblehub.com/topical/ttt/v/valleys--passengers_or_hamongog.htm",
    "Valleys: Rephaim or Giants": "https://biblehub.com/topical/ttt/v/valleys--rephaim_or_giants.htm",
    "Valleys: Salt": "https://biblehub.com/topical/ttt/v/valleys--salt.htm",
    "Valleys: Shaveh or King's Dale": "https://biblehub.com/topical/ttt/v/valleys--shaveh_or_king's_dale.htm",
    "Valleys: Shittim": "https://biblehub.com/topical/ttt/v/valleys--shittim.htm",
    "Valleys: Siddim": "https://biblehub.com/topical/ttt/v/valleys--siddim.htm",
    "Valleys: Sorek": "https://biblehub.com/topical/ttt/v/valleys--sorek.htm",
    "Valleys: Succoth": "https://biblehub.com/topical/ttt/v/valleys--succoth.htm",
    "Valleys: The Canaanites Held Possession of, Against Judah": "https://biblehub.com/topical/ttt/v/valleys--the_canaanites_held_possession_of,_against_judah.htm",
    "Valleys: The Heathen Supposed That Certain Deities Presided Over": "https://biblehub.com/topical/ttt/v/valleys--the_heathen_supposed_that_certain_deities_presided_over.htm",
    "Valleys: To be Filled With Hostile Chariots, Threatened As A": "https://biblehub.com/topical/ttt/v/valleys--to_be_filled_with_hostile_chariots,_threatened_as_a.htm",
    "Valleys: Tracts of Land Between Mountains": "https://biblehub.com/topical/ttt/v/valleys--tracts_of_land_between_mountains.htm",
    "Valleys: Watered by Mountain Streams": "https://biblehub.com/topical/ttt/v/valleys--watered_by_mountain_streams.htm",
    "Valleys: Zared": "https://biblehub.com/topical/ttt/v/valleys--zared.htm",
    "Valleys: Zeboim": "https://biblehub.com/topical/ttt/v/valleys--zeboim.htm",
    "Valleys: Zephathah": "https://biblehub.com/topical/ttt/v/valleys--zephathah.htm",
    "Valor": "https://biblehub.com/topical/v/valor.htm",
    "Valorous": "https://biblehub.com/topical/v/valorous.htm",
    "Valour": "https://biblehub.com/topical/v/valour.htm",
    "Valuable": "https://biblehub.com/topical/v/valuable.htm",
    "Valuables": "https://biblehub.com/topical/v/valuables.htm",
    "Valuation": "https://biblehub.com/topical/v/valuation.htm",
    "Valuations": "https://biblehub.com/topical/v/valuations.htm",
    "Value": "https://biblehub.com/topical/v/value.htm",
    "Valued": "https://biblehub.com/topical/v/valued.htm",
    "Valuer": "https://biblehub.com/topical/v/valuer.htm",
    "Values": "https://biblehub.com/topical/v/values.htm",
    "Valuest": "https://biblehub.com/topical/v/valuest.htm",
    "Valuing": "https://biblehub.com/topical/v/valuing.htm",
    "Vampire": "https://biblehub.com/topical/v/vampire.htm",
    "Vampires": "https://biblehub.com/topical/v/vampires.htm",
    "Vaniah": "https://biblehub.com/topical/v/vaniah.htm",
    "Vaniah: Puts Away (Divorces) his Gentile Wife": "https://biblehub.com/topical/naves/v/vaniah--puts_away_(divorces)_his_gentile_wife.htm",
    "Vani'ah": "https://biblehub.com/topical/v/vani'ah.htm",
    "Vanish": "https://biblehub.com/topical/v/vanish.htm",
    "Vanished": "https://biblehub.com/topical/v/vanished.htm",
    "Vanishes": "https://biblehub.com/topical/v/vanishes.htm",
    "Vanisheth": "https://biblehub.com/topical/v/vanisheth.htm",
    "Vanishing": "https://biblehub.com/topical/v/vanishing.htm",
    "Vanities": "https://biblehub.com/topical/v/vanities.htm",
    "Vanity": "https://biblehub.com/topical/v/vanity.htm",
    "Vanity: A Consequence of the Fall": "https://biblehub.com/topical/naves/v/vanity--a_consequence_of_the_fall.htm",
    "Vanity: All Earthly Things Are": "https://biblehub.com/topical/naves/v/vanity--all_earthly_things_are.htm",
    "Vanity: All should Know and Acknowledge": "https://biblehub.com/topical/naves/v/vanity--all_should_know_and_acknowledge.htm",
    "Vanity: Alms Giving Without Charity Is": "https://biblehub.com/topical/ttt/v/vanity--alms_giving_without_charity_is.htm",
    "Vanity: Almsgiving Without Love Is": "https://biblehub.com/topical/naves/v/vanity--almsgiving_without_love_is.htm",
    "Vanity: Avoid": "https://biblehub.com/topical/naves/v/vanity--avoid.htm",
    "Vanity: Avoid Those Given To": "https://biblehub.com/topical/naves/v/vanity--avoid_those_given_to.htm",
    "Vanity: Childhood and Youth Are": "https://biblehub.com/topical/naves/v/vanity--childhood_and_youth_are.htm",
    "Vanity: Every Man Has": "https://biblehub.com/topical/naves/v/vanity--every_man_has.htm",
    "Vanity: Every Man Is": "https://biblehub.com/topical/ttt/v/vanity--every_man_is.htm",
    "Vanity: Every State of Man Is": "https://biblehub.com/topical/naves/v/vanity--every_state_of_man_is.htm",
    "Vanity: Evil People: Allure Others Through the Words of": "https://biblehub.com/topical/naves/v/vanity--evil_people--allure_others_through_the_words_of.htm",
    "Vanity: Evil People: Devise": "https://biblehub.com/topical/naves/v/vanity--evil_people--devise.htm",
    "Vanity: Evil People: Especially Characterized By": "https://biblehub.com/topical/naves/v/vanity--evil_people--especially_characterized_by.htm",
    "Vanity: Evil People: Imagine": "https://biblehub.com/topical/naves/v/vanity--evil_people--imagine.htm",
    "Vanity: Evil People: Inherit": "https://biblehub.com/topical/naves/v/vanity--evil_people--inherit.htm",
    "Vanity: Evil People: Judicially Given up To": "https://biblehub.com/topical/naves/v/vanity--evil_people--judicially_given_up_to.htm",
    "Vanity: Evil People: Live By": "https://biblehub.com/topical/naves/v/vanity--evil_people--live_by.htm",
    "Vanity: Evil People: Live In": "https://biblehub.com/topical/naves/v/vanity--evil_people--live_in.htm",
    "Vanity: Evil People: Love": "https://biblehub.com/topical/naves/v/vanity--evil_people--love.htm",
    "Vanity: Evil People: Reap": "https://biblehub.com/topical/naves/v/vanity--evil_people--reap.htm",
    "Vanity: Evil People: Regard God's Service As": "https://biblehub.com/topical/naves/v/vanity--evil_people--regard_god's_service_as.htm",
    "Vanity: Evil People: Speak": "https://biblehub.com/topical/naves/v/vanity--evil_people--speak.htm",
    "Vanity: Evil People: Though Full of, Affect to be Wise": "https://biblehub.com/topical/naves/v/vanity--evil_people--though_full_of,_affect_to_be_wise.htm",
    "Vanity: Faith Without Works Is": "https://biblehub.com/topical/naves/v/vanity--faith_without_works_is.htm",
    "Vanity: False Teaching is But": "https://biblehub.com/topical/naves/v/vanity--false_teaching_is_but.htm",
    "Vanity: Following Those Given To, Leads to Poverty": "https://biblehub.com/topical/naves/v/vanity--following_those_given_to,_leads_to_poverty.htm",
    "Vanity: Foolish Questions Are": "https://biblehub.com/topical/naves/v/vanity--foolish_questions_are.htm",
    "Vanity: Fools Follow Those Given To": "https://biblehub.com/topical/naves/v/vanity--fools_follow_those_given_to.htm",
    "Vanity: Heaping up Riches Is": "https://biblehub.com/topical/naves/v/vanity--heaping_up_riches_is.htm",
    "Vanity: Idolatry Is": "https://biblehub.com/topical/naves/v/vanity--idolatry_is.htm",
    "Vanity: Love of Riches Is": "https://biblehub.com/topical/naves/v/vanity--love_of_riches_is.htm",
    "Vanity: Lying Words Are": "https://biblehub.com/topical/naves/v/vanity--lying_words_are.htm",
    "Vanity: Man at his Best Estate Is": "https://biblehub.com/topical/ttt/v/vanity--man_at_his_best_estate_is.htm",
    "Vanity: Man is Like To": "https://biblehub.com/topical/ttt/v/vanity--man_is_like_to.htm",
    "Vanity: Man is Similar To": "https://biblehub.com/topical/naves/v/vanity--man_is_similar_to.htm",
    "Vanity: Man, at his Best Estate, Is": "https://biblehub.com/topical/naves/v/vanity--man,_at_his_best_estate,_is.htm",
    "Vanity: Man's own Righteousness Is": "https://biblehub.com/topical/naves/v/vanity--man's_own_righteousness_is.htm",
    "Vanity: Mere External Religion Is": "https://biblehub.com/topical/naves/v/vanity--mere_external_religion_is.htm",
    "Vanity: Pray to be Kept From": "https://biblehub.com/topical/naves/v/vanity--pray_to_be_kept_from.htm",
    "Vanity: Riches Gotten by Falsehood Are": "https://biblehub.com/topical/naves/v/vanity--riches_gotten_by_falsehood_are.htm",
    "Vanity: Saints Hate the Thoughts of": "https://biblehub.com/topical/naves/v/vanity--saints_hate_the_thoughts_of.htm",
    "Vanity: Saints: Avoid": "https://biblehub.com/topical/ttt/v/vanity--saints--avoid.htm",
    "Vanity: Saints: Avoid Those Given To": "https://biblehub.com/topical/ttt/v/vanity--saints--avoid_those_given_to.htm",
    "Vanity: Saints: Hate the Thoughts of": "https://biblehub.com/topical/ttt/v/vanity--saints--hate_the_thoughts_of.htm",
    "Vanity: Saints: Pray to be Kept From": "https://biblehub.com/topical/ttt/v/vanity--saints--pray_to_be_kept_from.htm",
    "Vanity: The Beauty of Man Is": "https://biblehub.com/topical/naves/v/vanity--the_beauty_of_man_is.htm",
    "Vanity: The Conduct of the Ungodly Is": "https://biblehub.com/topical/naves/v/vanity--the_conduct_of_the_ungodly_is.htm",
    "Vanity: The Days of Man Are": "https://biblehub.com/topical/naves/v/vanity--the_days_of_man_are.htm",
    "Vanity: The Help of Man In": "https://biblehub.com/topical/ttt/v/vanity--the_help_of_man_in.htm",
    "Vanity: The Help of Man Is": "https://biblehub.com/topical/naves/v/vanity--the_help_of_man_is.htm",
    "Vanity: The Religion of Hypocrites Is": "https://biblehub.com/topical/naves/v/vanity--the_religion_of_hypocrites_is.htm",
    "Vanity: The Thoughts of Man Are": "https://biblehub.com/topical/naves/v/vanity--the_thoughts_of_man_are.htm",
    "Vanity: The Wicked: Allure Others by Words of": "https://biblehub.com/topical/ttt/v/vanity--the_wicked--allure_others_by_words_of.htm",
    "Vanity: The Wicked: Count God's Service As": "https://biblehub.com/topical/ttt/v/vanity--the_wicked--count_god's_service_as.htm",
    "Vanity: The Wicked: Devise": "https://biblehub.com/topical/ttt/v/vanity--the_wicked--devise.htm",
    "Vanity: The Wicked: Especially Characterised By": "https://biblehub.com/topical/ttt/v/vanity--the_wicked--especially_characterised_by.htm",
    "Vanity: The Wicked: Imagine": "https://biblehub.com/topical/ttt/v/vanity--the_wicked--imagine.htm",
    "Vanity: The Wicked: Inherit": "https://biblehub.com/topical/ttt/v/vanity--the_wicked--inherit.htm",
    "Vanity: The Wicked: Judicially Given up To": "https://biblehub.com/topical/ttt/v/vanity--the_wicked--judicially_given_up_to.htm",
    "Vanity: The Wicked: Love": "https://biblehub.com/topical/ttt/v/vanity--the_wicked--love.htm",
    "Vanity: The Wicked: Reap": "https://biblehub.com/topical/ttt/v/vanity--the_wicked--reap.htm",
    "Vanity: The Wicked: Speak": "https://biblehub.com/topical/ttt/v/vanity--the_wicked--speak.htm",
    "Vanity: The Wicked: Though Full of, Affect to be Wise": "https://biblehub.com/topical/ttt/v/vanity--the_wicked--though_full_of,_affect_to_be_wise.htm",
    "Vanity: The Wicked: Walk After": "https://biblehub.com/topical/ttt/v/vanity--the_wicked--walk_after.htm",
    "Vanity: The Wicked: Walk In": "https://biblehub.com/topical/ttt/v/vanity--the_wicked--walk_in.htm",
    "Vanity: The Worship of the Wicked Is": "https://biblehub.com/topical/naves/v/vanity--the_worship_of_the_wicked_is.htm",
    "Vanity: They Who Trust In, Rewarded With": "https://biblehub.com/topical/ttt/v/vanity--they_who_trust_in,_rewarded_with.htm",
    "Vanity: Treasures of Wickedness Are": "https://biblehub.com/topical/naves/v/vanity--treasures_of_wickedness_are.htm",
    "Vanity: Unblessed Riches Are": "https://biblehub.com/topical/naves/v/vanity--unblessed_riches_are.htm",
    "Vanity: Wealth Gotten By, Diminishes": "https://biblehub.com/topical/naves/v/vanity--wealth_gotten_by,_diminishes.htm",
    "Vanity: Worldly Anxiety": "https://biblehub.com/topical/ttt/v/vanity--worldly_anxiety.htm",
    "Vanity: Worldly Enjoyment Is": "https://biblehub.com/topical/naves/v/vanity--worldly_enjoyment_is.htm",
    "Vanity: Worldly Labor Is": "https://biblehub.com/topical/naves/v/vanity--worldly_labor_is.htm",
    "Vanity: Worldly Labour Is": "https://biblehub.com/topical/ttt/v/vanity--worldly_labour_is.htm",
    "Vanity: Worldly Pleasure Is": "https://biblehub.com/topical/naves/v/vanity--worldly_pleasure_is.htm",
    "Vanity: Worldly Possessions Are": "https://biblehub.com/topical/naves/v/vanity--worldly_possessions_are.htm",
    "Vanity: Worldly Wisdom Is": "https://biblehub.com/topical/naves/v/vanity--worldly_wisdom_is.htm",
    "Vanity: Worldy Anxiety Is": "https://biblehub.com/topical/naves/v/vanity--worldy_anxiety_is.htm",
    "Vanquish": "https://biblehub.com/topical/v/vanquish.htm",
    "Vapor": "https://biblehub.com/topical/v/vapor.htm",
    "Vapors": "https://biblehub.com/topical/v/vapors.htm",
    "Vapour": "https://biblehub.com/topical/v/vapour.htm",
    "Vapours": "https://biblehub.com/topical/v/vapours.htm",
    "Variableness": "https://biblehub.com/topical/v/variableness.htm",
    "Variance": "https://biblehub.com/topical/v/variance.htm",
    "Variation": "https://biblehub.com/topical/v/variation.htm",
    "Varicolored": "https://biblehub.com/topical/v/varicolored.htm",
    "Varied": "https://biblehub.com/topical/v/varied.htm",
    "Variegated": "https://biblehub.com/topical/v/variegated.htm",
    "Varieties": "https://biblehub.com/topical/v/varieties.htm",
    "Variety": "https://biblehub.com/topical/v/variety.htm",
    "Various": "https://biblehub.com/topical/v/various.htm",
    "Vase": "https://biblehub.com/topical/v/vase.htm",
    "Vashni": "https://biblehub.com/topical/v/vashni.htm",
    "Vashti": "https://biblehub.com/topical/v/vashti.htm",
    "Vashti: Put Away (Divorced) for Refusing to Exhibit Herself at a Royal Banquet": "https://biblehub.com/topical/naves/v/vashti--put_away_(divorced)_for_refusing_to_exhibit_herself_at_a_royal_banquet.htm",
    "Vassal": "https://biblehub.com/topical/v/vassal.htm",
    "Vassals": "https://biblehub.com/topical/v/vassals.htm",
    "Vast": "https://biblehub.com/topical/v/vast.htm",
    "Vastly": "https://biblehub.com/topical/v/vastly.htm",
    "Vat": "https://biblehub.com/topical/v/vat.htm",
    "Vaticanus": "https://biblehub.com/topical/v/vaticanus.htm",
    "Vats": "https://biblehub.com/topical/v/vats.htm",
    "Vau": "https://biblehub.com/topical/v/vau.htm",
    "Vault": "https://biblehub.com/topical/v/vault.htm",
    "Vault of Earth": "https://biblehub.com/topical/v/vault_of_earth.htm",
    "Vaulted": "https://biblehub.com/topical/v/vaulted.htm",
    "Vaults": "https://biblehub.com/topical/v/vaults.htm",
    "Vaunt": "https://biblehub.com/topical/v/vaunt.htm",
    "Vaunteth": "https://biblehub.com/topical/v/vaunteth.htm",
    "Vauntings": "https://biblehub.com/topical/v/vauntings.htm",
    "Vaunts": "https://biblehub.com/topical/v/vaunts.htm",
    "Vav": "https://biblehub.com/topical/v/vav.htm",
    "Vedan": "https://biblehub.com/topical/v/vedan.htm",
    "Vedan: A Place Whose Merchants Traded With Tyre": "https://biblehub.com/topical/naves/v/vedan--a_place_whose_merchants_traded_with_tyre.htm",
    "Vegetable": "https://biblehub.com/topical/v/vegetable.htm",
    "Vegetables": "https://biblehub.com/topical/v/vegetables.htm",
    "Vegetarian": "https://biblehub.com/topical/v/vegetarian.htm",
    "Vegetarians: Persons Who Refrain from Eating Meat": "https://biblehub.com/topical/naves/v/vegetarians--persons_who_refrain_from_eating_meat.htm",
    "Vegetation": "https://biblehub.com/topical/v/vegetation.htm",
    "Vegetation for Food": "https://biblehub.com/topical/naves/v/vegetation_for_food.htm",
    "Vegetation: Created on the Third Day": "https://biblehub.com/topical/naves/v/vegetation--created_on_the_third_day.htm",
    "Vehement": "https://biblehub.com/topical/v/vehement.htm",
    "Vehemently": "https://biblehub.com/topical/v/vehemently.htm",
    "Veil": "https://biblehub.com/topical/v/veil.htm",
    "Veil of the Tabernacle and Temple": "https://biblehub.com/topical/v/veil_of_the_tabernacle_and_temple.htm",
    "Veil: Worn by Moses, to Screen his Face when he Descended from Mount Sinai": "https://biblehub.com/topical/naves/v/veil--worn_by_moses,_to_screen_his_face_when_he_descended_from_mount_sinai.htm",
    "Veil: Worn by Rebekah": "https://biblehub.com/topical/naves/v/veil--worn_by_rebekah.htm",
    "Veil: Worn by Tamar": "https://biblehub.com/topical/naves/v/veil--worn_by_tamar.htm",
    "Veiled": "https://biblehub.com/topical/v/veiled.htm",
    "Veileth": "https://biblehub.com/topical/v/veileth.htm",
    "Veiling": "https://biblehub.com/topical/v/veiling.htm",
    "Veils": "https://biblehub.com/topical/v/veils.htm",
    "Vein": "https://biblehub.com/topical/v/vein.htm",
    "Veneration": "https://biblehub.com/topical/v/veneration.htm",
    "Veneration for Parents": "https://biblehub.com/topical/naves/v/veneration_for_parents.htm",
    "Vengeance": "https://biblehub.com/topical/v/vengeance.htm",
    "Vengeance: Belongs to God": "https://biblehub.com/topical/naves/v/vengeance--belongs_to_god.htm",
    "Vengeance: Sons of Jacob on Hamor and Shechem": "https://biblehub.com/topical/naves/v/vengeance--sons_of_jacob_on_hamor_and_shechem.htm",
    "Vengeances": "https://biblehub.com/topical/v/vengeances.htm",
    "Venison": "https://biblehub.com/topical/v/venison.htm",
    "Venom": "https://biblehub.com/topical/v/venom.htm",
    "Venomous": "https://biblehub.com/topical/v/venomous.htm",
    "Vent": "https://biblehub.com/topical/v/vent.htm",
    "Vented": "https://biblehub.com/topical/v/vented.htm",
    "Vents": "https://biblehub.com/topical/v/vents.htm",
    "Venture": "https://biblehub.com/topical/v/venture.htm",
    "Ventured": "https://biblehub.com/topical/v/ventured.htm",
    "Ventures": "https://biblehub.com/topical/v/ventures.htm",
    "Venturing": "https://biblehub.com/topical/v/venturing.htm",
    "Verbally": "https://biblehub.com/topical/v/verbally.htm",
    "Verdant": "https://biblehub.com/topical/v/verdant.htm",
    "Verdict": "https://biblehub.com/topical/v/verdict.htm",
    "Verdict: Against Jesus": "https://biblehub.com/topical/naves/v/verdict--against_jesus.htm",
    "Verdigris": "https://biblehub.com/topical/v/verdigris.htm",
    "Verdure": "https://biblehub.com/topical/v/verdure.htm",
    "Verified": "https://biblehub.com/topical/v/verified.htm",
    "Verify": "https://biblehub.com/topical/v/verify.htm",
    "Verily": "https://biblehub.com/topical/v/verily.htm",
    "Verity": "https://biblehub.com/topical/v/verity.htm",
    "Vermilion": "https://biblehub.com/topical/v/vermilion.htm",
    "Vermilion: A Color": "https://biblehub.com/topical/naves/v/vermilion--a_color.htm",
    "Vermillion": "https://biblehub.com/topical/v/vermillion.htm",
    "Vermin": "https://biblehub.com/topical/v/vermin.htm",
    "Verse": "https://biblehub.com/topical/v/verse.htm",
    "Versed": "https://biblehub.com/topical/v/versed.htm",
    "Version": "https://biblehub.com/topical/v/version.htm",
    "Versions": "https://biblehub.com/topical/v/versions.htm",
    "Vertical": "https://biblehub.com/topical/v/vertical.htm",
    "Very": "https://biblehub.com/topical/v/very.htm",
    "Vessel": "https://biblehub.com/topical/v/vessel.htm",
    "Vessels": "https://biblehub.com/topical/v/vessels.htm",
    "Vessel's": "https://biblehub.com/topical/v/vessel's.htm",
    "Vest": "https://biblehub.com/topical/v/vest.htm",
    "Vestibule": "https://biblehub.com/topical/v/vestibule.htm",
    "Vestibules": "https://biblehub.com/topical/v/vestibules.htm",
    "Vestment": "https://biblehub.com/topical/v/vestment.htm",
    "Vestments": "https://biblehub.com/topical/v/vestments.htm",
    "Vestry": "https://biblehub.com/topical/v/vestry.htm",
    "Vests": "https://biblehub.com/topical/v/vests.htm",
    "Vesture": "https://biblehub.com/topical/v/vesture.htm",
    "Vestures": "https://biblehub.com/topical/v/vestures.htm",
    "Vetches": "https://biblehub.com/topical/v/vetches.htm",
    "Veteran": "https://biblehub.com/topical/v/veteran.htm",
    "Vethes": "https://biblehub.com/topical/v/vethes.htm",
    "Vex": "https://biblehub.com/topical/v/vex.htm",
    "Vexation": "https://biblehub.com/topical/v/vexation.htm",
    "Vexations": "https://biblehub.com/topical/v/vexations.htm",
    "Vexed": "https://biblehub.com/topical/v/vexed.htm",
    "Vexeth": "https://biblehub.com/topical/v/vexeth.htm",
    "Vexing": "https://biblehub.com/topical/v/vexing.htm",
    "Vial": "https://biblehub.com/topical/v/vial.htm",
    "Vials": "https://biblehub.com/topical/v/vials.htm",
    "Vice": "https://biblehub.com/topical/v/vice.htm",
    "Vicinity": "https://biblehub.com/topical/v/vicinity.htm",
    "Vicious": "https://biblehub.com/topical/v/vicious.htm",
    "Viciously": "https://biblehub.com/topical/v/viciously.htm",
    "Victim": "https://biblehub.com/topical/v/victim.htm",
    "Victims": "https://biblehub.com/topical/v/victims.htm",
    "Victories": "https://biblehub.com/topical/v/victories.htm",
    "Victories by Women": "https://biblehub.com/topical/naves/v/victories_by_women.htm",
    "Victories in Battle, from God": "https://biblehub.com/topical/naves/v/victories_in_battle,_from_god.htm",
    "Victories: Celebrated in Song": "https://biblehub.com/topical/naves/v/victories--celebrated_in_song.htm",
    "Victorious": "https://biblehub.com/topical/v/victorious.htm",
    "Victorious Life": "https://biblehub.com/topical/v/victorious_life.htm",
    "Victoriously": "https://biblehub.com/topical/v/victoriously.htm",
    "Victors": "https://biblehub.com/topical/v/victors.htm",
    "Victor's": "https://biblehub.com/topical/v/victor's.htm",
    "Victory": "https://biblehub.com/topical/v/victory.htm",
    "Victual": "https://biblehub.com/topical/v/victual.htm",
    "Victualled": "https://biblehub.com/topical/v/victualled.htm",
    "Victuals": "https://biblehub.com/topical/v/victuals.htm",
    "Vie": "https://biblehub.com/topical/v/vie.htm",
    "Viest": "https://biblehub.com/topical/v/viest.htm",
    "View": "https://biblehub.com/topical/v/view.htm",
    "Viewed": "https://biblehub.com/topical/v/viewed.htm",
    "Viewing": "https://biblehub.com/topical/v/viewing.htm",
    "Viewpoint": "https://biblehub.com/topical/v/viewpoint.htm",
    "Views": "https://biblehub.com/topical/v/views.htm",
    "Vigil": "https://biblehub.com/topical/v/vigil.htm",
    "Vigilance": "https://biblehub.com/topical/v/vigilance.htm",
    "Vigilance: King of Jericho": "https://biblehub.com/topical/naves/v/vigilance--king_of_jericho.htm",
    "Vigilant": "https://biblehub.com/topical/v/vigilant.htm",
    "Vigor": "https://biblehub.com/topical/v/vigor.htm",
    "Vigorous": "https://biblehub.com/topical/v/vigorous.htm",
    "Vigorously": "https://biblehub.com/topical/v/vigorously.htm",
    "Vigour": "https://biblehub.com/topical/v/vigour.htm",
    "Vile": "https://biblehub.com/topical/v/vile.htm",
    "Vilely": "https://biblehub.com/topical/v/vilely.htm",
    "Vileness": "https://biblehub.com/topical/v/vileness.htm",
    "Viler": "https://biblehub.com/topical/v/viler.htm",
    "Vilest": "https://biblehub.com/topical/v/vilest.htm",
    "Vilified": "https://biblehub.com/topical/v/vilified.htm",
    "Vilifying": "https://biblehub.com/topical/v/vilifying.htm",
    "Village": "https://biblehub.com/topical/v/village.htm",
    "Villages": "https://biblehub.com/topical/v/villages.htm",
    "Villain": "https://biblehub.com/topical/v/villain.htm",
    "Villainy": "https://biblehub.com/topical/v/villainy.htm",
    "Villany": "https://biblehub.com/topical/v/villany.htm",
    "Vindicate": "https://biblehub.com/topical/v/vindicate.htm",
    "Vindicated": "https://biblehub.com/topical/v/vindicated.htm",
    "Vindicates": "https://biblehub.com/topical/v/vindicates.htm",
    "Vindicating": "https://biblehub.com/topical/v/vindicating.htm",
    "Vindication": "https://biblehub.com/topical/v/vindication.htm",
    "Vindicators": "https://biblehub.com/topical/v/vindicators.htm",
    "Vindictiveness": "https://biblehub.com/topical/v/vindictiveness.htm",
    "The Vine of Christ": "https://biblehub.com/topical/ttt/t/the_vine_of_christ.htm",
    "The Vine of Israel": "https://biblehub.com/topical/ttt/t/the_vine_of_israel.htm",
    "The Vine of Sodom Bad and Unfit for Use": "https://biblehub.com/topical/ttt/t/the_vine_of_sodom_bad_and_unfit_for_use.htm",
    "The Vine: (Its Fruitful Branches) of Saints": "https://biblehub.com/topical/ttt/t/the_vine--(its_fruitful_branches)_of_saints.htm",
    "The Vine: (Its Quick Growth) of the Growth of Saints in Grace": "https://biblehub.com/topical/ttt/t/the_vine--(its_quick_growth)_of_the_growth_of_saints_in_grace.htm",
    "The Vine: (Its Rich Clusters) of the Graces of the Church": "https://biblehub.com/topical/ttt/t/the_vine--(its_rich_clusters)_of_the_graces_of_the_church.htm",
    "The Vine: (Of Unfruitful Branches) Mere Professors": "https://biblehub.com/topical/ttt/t/the_vine--(of_unfruitful_branches)_mere_professors.htm",
    "The Vine: (Pruning of) God's Purifying his People by Afflictions": "https://biblehub.com/topical/ttt/t/the_vine--(pruning_of)_god's_purifying_his_people_by_afflictions.htm",
    "The Vine: (Sitting Under One's Own) Peace and Prosperity": "https://biblehub.com/topical/ttt/t/the_vine--(sitting_under_one's_own)_peace_and_prosperity.htm",
    "The Vine: (Unfruitful) the Wicked": "https://biblehub.com/topical/ttt/t/the_vine--(unfruitful)_the_wicked.htm",
    "The Vine: (Worthlessness of Its Wood) the Unprofitableness, of": "https://biblehub.com/topical/ttt/t/the_vine--(worthlessness_of_its_wood)_the_unprofitableness,_of.htm",
    "The Vine: Canaan Abounded In": "https://biblehub.com/topical/ttt/t/the_vine--canaan_abounded_in.htm",
    "The Vine: Cultivated by the Walls of Houses": "https://biblehub.com/topical/ttt/t/the_vine--cultivated_by_the_walls_of_houses.htm",
    "The Vine: Cultivated in the Valleys": "https://biblehub.com/topical/ttt/t/the_vine--cultivated_in_the_valleys.htm",
    "The Vine: Cultivated in Vineyards from the Time of Noah": "https://biblehub.com/topical/ttt/t/the_vine--cultivated_in_vineyards_from_the_time_of_noah.htm",
    "The Vine: Cultivated: On the Sides of Hills": "https://biblehub.com/topical/ttt/t/the_vine--cultivated--on_the_sides_of_hills.htm",
    "The Vine: Foxes Destructive To": "https://biblehub.com/topical/ttt/t/the_vine--foxes_destructive_to.htm",
    "The Vine: Frequently Injured by Hail and Frost": "https://biblehub.com/topical/ttt/t/the_vine--frequently_injured_by_hail_and_frost.htm",
    "The Vine: Frequently Made Unfruitful As a Punishment": "https://biblehub.com/topical/ttt/t/the_vine--frequently_made_unfruitful_as_a_punishment.htm",
    "The Vine: God Made, Fruitful for his People when Obedient": "https://biblehub.com/topical/ttt/t/the_vine--god_made,_fruitful_for_his_people_when_obedient.htm",
    "The Vine: Nazarites Prohibited Eating Any Part of": "https://biblehub.com/topical/ttt/t/the_vine--nazarites_prohibited_eating_any_part_of.htm",
    "The Vine: Often Degenerated": "https://biblehub.com/topical/ttt/t/the_vine--often_degenerated.htm",
    "The Vine: Often Found Wild": "https://biblehub.com/topical/ttt/t/the_vine--often_found_wild.htm",
    "The Vine: Perfumed the Air With the Fragrance of Its Flowers": "https://biblehub.com/topical/ttt/t/the_vine--perfumed_the_air_with_the_fragrance_of_its_flowers.htm",
    "The Vine: Places Celebrated For: Egypt": "https://biblehub.com/topical/ttt/t/the_vine--places_celebrated_for--egypt.htm",
    "The Vine: Places Celebrated For: Eshcol": "https://biblehub.com/topical/ttt/t/the_vine--places_celebrated_for--eshcol.htm",
    "The Vine: Places Celebrated For: Lebanon": "https://biblehub.com/topical/ttt/t/the_vine--places_celebrated_for--lebanon.htm",
    "The Vine: Places Celebrated For: Sibmah": "https://biblehub.com/topical/ttt/t/the_vine--places_celebrated_for--sibmah.htm",
    "The Vine: Probably Produced Two Crops of Fruit in the Year": "https://biblehub.com/topical/ttt/t/the_vine--probably_produced_two_crops_of_fruit_in_the_year.htm",
    "The Vine: Proverbial Allusion to Fathers Eating the Unripe Fruit of": "https://biblehub.com/topical/ttt/t/the_vine--proverbial_allusion_to_fathers_eating_the_unripe_fruit_of.htm",
    "The Vine: Required to be Dressed and Pruned to Increase Its": "https://biblehub.com/topical/ttt/t/the_vine--required_to_be_dressed_and_pruned_to_increase_its.htm",
    "The Vine: Sometimes Cast Its Fruit Before It Came to Perfection": "https://biblehub.com/topical/ttt/t/the_vine--sometimes_cast_its_fruit_before_it_came_to_perfection.htm",
    "The Vine: The Dwarf and Spreading Vine Particularly Esteemed": "https://biblehub.com/topical/ttt/t/the_vine--the_dwarf_and_spreading_vine_particularly_esteemed.htm",
    "The Vine: The Fruit of Called Grapes": "https://biblehub.com/topical/ttt/t/the_vine--the_fruit_of_called_grapes.htm",
    "The Vine: The Fruit of Eaten Dried": "https://biblehub.com/topical/ttt/t/the_vine--the_fruit_of_eaten_dried.htm",
    "The Vine: The Fruit of Eaten Fresh from the Tree": "https://biblehub.com/topical/ttt/t/the_vine--the_fruit_of_eaten_fresh_from_the_tree.htm",
    "The Vine: The Fruit of Made Into Wine": "https://biblehub.com/topical/ttt/t/the_vine--the_fruit_of_made_into_wine.htm",
    "The Vine: The Fruit of Peculiarly Sour when Unripe": "https://biblehub.com/topical/ttt/t/the_vine--the_fruit_of_peculiarly_sour_when_unripe.htm",
    "The Vine: The Fruit of Sold in the Markets": "https://biblehub.com/topical/ttt/t/the_vine--the_fruit_of_sold_in_the_markets.htm",
    "The Vine: The Wild Boar Destructive To": "https://biblehub.com/topical/ttt/t/the_vine--the_wild_boar_destructive_to.htm",
    "The Vine: The Wood of, Fit Only for Burning": "https://biblehub.com/topical/ttt/t/the_vine--the_wood_of,_fit_only_for_burning.htm",
    "The Vine: Young Cattle Fed on Its Leaves and Tender Shoots": "https://biblehub.com/topical/ttt/t/the_vine--young_cattle_fed_on_its_leaves_and_tender_shoots.htm",
    "Vine": "https://biblehub.com/topical/v/vine.htm",
    "Vine of Sodom": "https://biblehub.com/topical/v/vine_of_sodom.htm",
    "Vine: Degeneracy of": "https://biblehub.com/topical/naves/v/vine--degeneracy_of.htm",
    "Vine: Fable of": "https://biblehub.com/topical/naves/v/vine--fable_of.htm",
    "Vine: Parables of": "https://biblehub.com/topical/naves/v/vine--parables_of.htm",
    "Vine: Pruned": "https://biblehub.com/topical/naves/v/vine--pruned.htm",
    "Vine: Symbolical": "https://biblehub.com/topical/naves/v/vine--symbolical.htm",
    "Vine-blossom": "https://biblehub.com/topical/v/vine-blossom.htm",
    "Vine-branch": "https://biblehub.com/topical/v/vine-branch.htm",
    "Vine-branches": "https://biblehub.com/topical/v/vine-branches.htm",
    "Vine-cuttings": "https://biblehub.com/topical/v/vine-cuttings.htm",
    "Vinedresser": "https://biblehub.com/topical/v/vinedresser.htm",
    "Vine-dresser": "https://biblehub.com/topical/v/vine-dresser.htm",
    "Vinedressers": "https://biblehub.com/topical/v/vinedressers.htm",
    "Vine-dressers": "https://biblehub.com/topical/v/vine-dressers.htm",
    "Vinegar": "https://biblehub.com/topical/v/vinegar.htm",
    "Vinegar used With Food": "https://biblehub.com/topical/naves/v/vinegar_used_with_food.htm",
    "Vinegar: Forbidden to Nazarites": "https://biblehub.com/topical/naves/v/vinegar--forbidden_to_nazarites.htm",
    "Vinegar: Offered to Christ While on the Cross": "https://biblehub.com/topical/naves/v/vinegar--offered_to_christ_while_on_the_cross.htm",
    "Vine-garden": "https://biblehub.com/topical/v/vine-garden.htm",
    "Vine-gardens": "https://biblehub.com/topical/v/vine-gardens.htm",
    "Vine-growers": "https://biblehub.com/topical/v/vine-growers.htm",
    "Vine-keepers": "https://biblehub.com/topical/v/vine-keepers.htm",
    "Vine-knives": "https://biblehub.com/topical/v/vine-knives.htm",
    "Vine-plants": "https://biblehub.com/topical/v/vine-plants.htm",
    "Vine-rows": "https://biblehub.com/topical/v/vine-rows.htm",
    "Vines": "https://biblehub.com/topical/v/vines.htm",
    "Vine-tree": "https://biblehub.com/topical/v/vine-tree.htm",
    "Vineyard": "https://biblehub.com/topical/v/vineyard.htm",
    "Vineyard of Kings": "https://biblehub.com/topical/naves/v/vineyard_of_kings.htm",
    "Vineyard: Huts (Rv , Booths) In": "https://biblehub.com/topical/naves/v/vineyard--huts_(rv_,_booths)_in.htm",
    "Vineyard: Leased": "https://biblehub.com/topical/naves/v/vineyard--leased.htm",
    "Vineyard: Neglected": "https://biblehub.com/topical/naves/v/vineyard--neglected.htm",
    "Vineyard: Parables of": "https://biblehub.com/topical/naves/v/vineyard--parables_of.htm",
    "Vineyard: Plain of The": "https://biblehub.com/topical/naves/v/vineyard--plain_of_the.htm",
    "Vineyard: Pools In": "https://biblehub.com/topical/naves/v/vineyard--pools_in.htm",
    "Vineyard: Towers In": "https://biblehub.com/topical/naves/v/vineyard--towers_in.htm",
    "Vineyard: Winepress In": "https://biblehub.com/topical/naves/v/vineyard--winepress_in.htm",
    "Vineyard-keeper": "https://biblehub.com/topical/v/vineyard-keeper.htm",
    "Massrekah": "https://biblehub.com/topical/m/massrekah.htm",
    "Vineyards": "https://biblehub.com/topical/v/vineyards.htm",
    "Vineyards in Unfavourable Seasons Produced But Little Wine": "https://biblehub.com/topical/ttt/v/vineyards_in_unfavourable_seasons_produced_but_little_wine.htm",
    "Vineyards of Red Grapes Particularly Esteemed": "https://biblehub.com/topical/ttt/v/vineyards_of_red_grapes_particularly_esteemed.htm",
    "Vineyards of the Jewish Church": "https://biblehub.com/topical/ttt/v/vineyards_of_the_jewish_church.htm",
    "Vineyards of the Kings of Israel Superintended by officers of the State": "https://biblehub.com/topical/ttt/v/vineyards_of_the_kings_of_israel_superintended_by_officers_of_the_state.htm",
    "Vineyards of the Slothful Man Neglected and Laid Waste": "https://biblehub.com/topical/ttt/v/vineyards_of_the_slothful_man_neglected_and_laid_waste.htm",
    "Vineyards were often Mortgaged": "https://biblehub.com/topical/ttt/v/vineyards_were_often_mortgaged.htm",
    "Vineyards: (Cleaning Grapes of) of the Elect": "https://biblehub.com/topical/ttt/v/vineyards--(cleaning_grapes_of)_of_the_elect.htm",
    "Vineyards: (Failure of) of Severe Calamities": "https://biblehub.com/topical/ttt/v/vineyards--(failure_of)_of_severe_calamities.htm",
    "Vineyards: Cottages Built In, for the Keepers": "https://biblehub.com/topical/ttt/v/vineyards--cottages_built_in,_for_the_keepers.htm",
    "Vineyards: Estimated Profit Arising From, to the Cultivators": "https://biblehub.com/topical/ttt/v/vineyards--estimated_profit_arising_from,_to_the_cultivators.htm",
    "Vineyards: Estimated Rent of": "https://biblehub.com/topical/ttt/v/vineyards--estimated_rent_of.htm",
    "Vineyards: Frequently Let out to Husbandmen": "https://biblehub.com/topical/ttt/v/vineyards--frequently_let_out_to_husbandmen.htm",
    "Vineyards: Frequently Walled or Fenced With Hedges": "https://biblehub.com/topical/ttt/v/vineyards--frequently_walled_or_fenced_with_hedges.htm",
    "Vineyards: Laws Respecting: Compensation in Kind to be Made for Injury Done To": "https://biblehub.com/topical/ttt/v/vineyards--laws_respecting--compensation_in_kind_to_be_made_for_injury_done_to.htm",
    "Vineyards: Laws Respecting: Not to be Cultivated in the Sabbatical Year": "https://biblehub.com/topical/ttt/v/vineyards--laws_respecting--not_to_be_cultivated_in_the_sabbatical_year.htm",
    "Vineyards: Laws Respecting: Not to be Planted With Different Kinds of Seed": "https://biblehub.com/topical/ttt/v/vineyards--laws_respecting--not_to_be_planted_with_different_kinds_of_seed.htm",
    "Vineyards: Laws Respecting: Planters of, not Liable to Military Service Till They Had": "https://biblehub.com/topical/ttt/v/vineyards--laws_respecting--planters_of,_not_liable_to_military_service_till_they_had.htm",
    "Vineyards: Laws Respecting: Strangers Entering, Allowed to Eat Fruit of, But not To": "https://biblehub.com/topical/ttt/v/vineyards--laws_respecting--strangers_entering,_allowed_to_eat_fruit_of,_but_not_to.htm",
    "Vineyards: Laws Respecting: The Fruit of New, not to be Eaten for Three Years": "https://biblehub.com/topical/ttt/v/vineyards--laws_respecting--the_fruit_of_new,_not_to_be_eaten_for_three_years.htm",
    "Vineyards: Laws Respecting: The Fruit of New, to be Eaten by the Owners from the Fifth": "https://biblehub.com/topical/ttt/v/vineyards--laws_respecting--the_fruit_of_new,_to_be_eaten_by_the_owners_from_the_fifth.htm",
    "Vineyards: Laws Respecting: The Fruit of New, to be Holy to the Lord in the Fourth Year": "https://biblehub.com/topical/ttt/v/vineyards--laws_respecting--the_fruit_of_new,_to_be_holy_to_the_lord_in_the_fourth_year.htm",
    "Vineyards: Laws Respecting: The Gleaning of, to be Left for the Poor": "https://biblehub.com/topical/ttt/v/vineyards--laws_respecting--the_gleaning_of,_to_be_left_for_the_poor.htm",
    "Vineyards: Laws Respecting: The Spontaneous Fruit of, not to be Gathered During The": "https://biblehub.com/topical/ttt/v/vineyards--laws_respecting--the_spontaneous_fruit_of,_not_to_be_gathered_during_the.htm",
    "Vineyards: Members of the Family often Wrought In": "https://biblehub.com/topical/ttt/v/vineyards--members_of_the_family_often_wrought_in.htm",
    "Vineyards: Mode of Hiring and Paying Labourers for Working In": "https://biblehub.com/topical/ttt/v/vineyards--mode_of_hiring_and_paying_labourers_for_working_in.htm",
    "Vineyards: Origin and Antiquity of": "https://biblehub.com/topical/ttt/v/vineyards--origin_and_antiquity_of.htm",
    "Vineyards: Provided With the Apparatus for Making Wine": "https://biblehub.com/topical/ttt/v/vineyards--provided_with_the_apparatus_for_making_wine.htm",
    "Vineyards: Rent of, Frequently Paid by Part of the Fruit": "https://biblehub.com/topical/ttt/v/vineyards--rent_of,_frequently_paid_by_part_of_the_fruit.htm",
    "Vineyards: The Design of Planting": "https://biblehub.com/topical/ttt/v/vineyards--the_design_of_planting.htm",
    "Vineyards: The Poor Engaged in the Culture of": "https://biblehub.com/topical/ttt/v/vineyards--the_poor_engaged_in_the_culture_of.htm",
    "Vineyards: The Produce of, Was Frequently Destroyed by Enemies": "https://biblehub.com/topical/ttt/v/vineyards--the_produce_of,_was_frequently_destroyed_by_enemies.htm",
    "Vineyards: The Rechabites Forbidden to Plant": "https://biblehub.com/topical/ttt/v/vineyards--the_rechabites_forbidden_to_plant.htm",
    "Vineyards: The Stones Carefully Gathered out of": "https://biblehub.com/topical/ttt/v/vineyards--the_stones_carefully_gathered_out_of.htm",
    "Vineyards: The Vintage or Ingathering of Failure In, Occasioned Great Grief": "https://biblehub.com/topical/ttt/v/vineyards--the_vintage_or_ingathering_of_failure_in,_occasioned_great_grief.htm",
    "Vineyards: The Vintage or Ingathering of Sometimes Continued to the Time of Sowing Seed": "https://biblehub.com/topical/ttt/v/vineyards--the_vintage_or_ingathering_of_sometimes_continued_to_the_time_of_sowing_seed.htm",
    "Vineyards: The Vintage or Ingathering of Was a Time of Great Rejoicing": "https://biblehub.com/topical/ttt/v/vineyards--the_vintage_or_ingathering_of_was_a_time_of_great_rejoicing.htm",
    "Vineyards: The Whole Produce of, often Destroyed by Insects": "https://biblehub.com/topical/ttt/v/vineyards--the_whole_produce_of,_often_destroyed_by_insects.htm",
    "Vineyards: The Wicked Judicially Deprived of the Enjoyment of": "https://biblehub.com/topical/ttt/v/vineyards--the_wicked_judicially_deprived_of_the_enjoyment_of.htm",
    "Vintage": "https://biblehub.com/topical/v/vintage.htm",
    "Vintaged": "https://biblehub.com/topical/v/vintaged.htm",
    "Vintage-time": "https://biblehub.com/topical/v/vintage-time.htm",
    "Viol": "https://biblehub.com/topical/v/viol.htm",
    "Viol: An Instrument of Music": "https://biblehub.com/topical/naves/v/viol--an_instrument_of_music.htm",
    "Violate": "https://biblehub.com/topical/v/violate.htm",
    "Violated": "https://biblehub.com/topical/v/violated.htm",
    "Violates": "https://biblehub.com/topical/v/violates.htm",
    "Violating": "https://biblehub.com/topical/v/violating.htm",
    "Violation": "https://biblehub.com/topical/v/violation.htm",
    "Violence": "https://biblehub.com/topical/v/violence.htm",
    "Violent": "https://biblehub.com/topical/v/violent.htm",
    "Violently": "https://biblehub.com/topical/v/violently.htm",
    "Violet": "https://biblehub.com/topical/v/violet.htm",
    "Viols": "https://biblehub.com/topical/v/viols.htm",
    "Viper": "https://biblehub.com/topical/v/viper.htm",
    "Viper: A Serpent": "https://biblehub.com/topical/naves/v/viper--a_serpent.htm",
    "Viper: Fastens on Paul's Hand": "https://biblehub.com/topical/naves/v/viper--fastens_on_paul's_hand.htm",
    "Viper: Figurative": "https://biblehub.com/topical/naves/v/viper--figurative.htm",
    "Vipers": "https://biblehub.com/topical/v/vipers.htm",
    "Viper's": "https://biblehub.com/topical/v/viper's.htm",
    "Virgin": "https://biblehub.com/topical/v/virgin.htm",
    "Virgin Birth": "https://biblehub.com/topical/v/virgin_birth.htm",
    "Virgin Mary": "https://biblehub.com/topical/v/virgin_mary.htm",
    "Virgin of Personal Purity": "https://biblehub.com/topical/naves/v/virgin_of_personal_purity.htm",
    "Virgin of the Body of Christ (The Ekklesia)": "https://biblehub.com/topical/naves/v/virgin_of_the_body_of_christ_(the_ekklesia).htm",
    "Virgin: A Priest Could Marry Only A": "https://biblehub.com/topical/naves/v/virgin--a_priest_could_marry_only_a.htm",
    "Virgin: Advised by Paul not to Marry": "https://biblehub.com/topical/naves/v/virgin--advised_by_paul_not_to_marry.htm",
    "Virgin: Betrothal of, a Quasi-Marriage": "https://biblehub.com/topical/naves/v/virgin--betrothal_of,_a_quasi-marriage.htm",
    "Virgin: Character of, to be Protected": "https://biblehub.com/topical/naves/v/virgin--character_of,_to_be_protected.htm",
    "Virgin: Distinguishing Apparel of": "https://biblehub.com/topical/naves/v/virgin--distinguishing_apparel_of.htm",
    "Virgin: Dowry of": "https://biblehub.com/topical/naves/v/virgin--dowry_of.htm",
    "Virgin: Mother of Jesus Was A": "https://biblehub.com/topical/naves/v/virgin--mother_of_jesus_was_a.htm",
    "Virgin: Mourn in the Temple": "https://biblehub.com/topical/naves/v/virgin--mourn_in_the_temple.htm",
    "Virgin: Parable of the Wise and Foolish": "https://biblehub.com/topical/naves/v/virgin--parable_of_the_wise_and_foolish.htm",
    "Virgin: Proofs of": "https://biblehub.com/topical/naves/v/virgin--proofs_of.htm",
    "Virgin: Virginity of, Bewailed": "https://biblehub.com/topical/naves/v/virgin--virginity_of,_bewailed.htm",
    "Virgin-daughter": "https://biblehub.com/topical/v/virgin-daughter.htm",
    "Virginity": "https://biblehub.com/topical/v/virginity.htm",
    "Virginity Before Marriage": "https://biblehub.com/topical/v/virginity_before_marriage.htm",
    "Virgins": "https://biblehub.com/topical/v/virgins.htm",
    "Virgin's": "https://biblehub.com/topical/v/virgin's.htm",
    "Virility": "https://biblehub.com/topical/v/virility.htm",
    "Virtue": "https://biblehub.com/topical/v/virtue.htm",
    "Virtue: Excellence": "https://biblehub.com/topical/naves/v/virtue--excellence.htm",
    "Virtue: Power (Rv)": "https://biblehub.com/topical/naves/v/virtue--power_(rv).htm",
    "Virtues": "https://biblehub.com/topical/v/virtues.htm",
    "Virtuous": "https://biblehub.com/topical/v/virtuous.htm",
    "Virtuously": "https://biblehub.com/topical/v/virtuously.htm",
    "Visage": "https://biblehub.com/topical/v/visage.htm",
    "Visible": "https://biblehub.com/topical/v/visible.htm",
    "Vision": "https://biblehub.com/topical/v/vision.htm",
    "Vision of Abraham: Concerning his Descendants": "https://biblehub.com/topical/naves/v/vision_of_abraham--concerning_his_descendants.htm",
    "Vision of Amos of a Plumb-Line": "https://biblehub.com/topical/naves/v/vision_of_amos_of_a_plumb-line.htm",
    "Vision of Amos of Fire": "https://biblehub.com/topical/naves/v/vision_of_amos_of_fire.htm",
    "Vision of Amos of Grasshoppers": "https://biblehub.com/topical/naves/v/vision_of_amos_of_grasshoppers.htm",
    "Vision of Amos of Summer Fruit": "https://biblehub.com/topical/naves/v/vision_of_amos_of_summer_fruit.htm",
    "Vision of Amos of the Temple": "https://biblehub.com/topical/naves/v/vision_of_amos_of_the_temple.htm",
    "Vision of Ananias of Christ": "https://biblehub.com/topical/naves/v/vision_of_ananias_of_christ.htm",
    "Vision of Balaam in a Trance": "https://biblehub.com/topical/naves/v/vision_of_balaam_in_a_trance.htm",
    "Vision of Cornelius, the Centurion of an Angel": "https://biblehub.com/topical/naves/v/vision_of_cornelius,_the_centurion_of_an_angel.htm",
    "Vision of Daniel of the Ancient of Days": "https://biblehub.com/topical/naves/v/vision_of_daniel_of_the_ancient_of_days.htm",
    "Vision of Daniel of the Angel": "https://biblehub.com/topical/naves/v/vision_of_daniel_of_the_angel.htm",
    "Vision of Daniel of the Four Beasts": "https://biblehub.com/topical/naves/v/vision_of_daniel_of_the_four_beasts.htm",
    "Vision of Daniel of the Ram and the He-Goat": "https://biblehub.com/topical/naves/v/vision_of_daniel_of_the_ram_and_the_he-goat.htm",
    "Vision of David of the Angel of the Lord Beside the Threshing-Floor of Ornan": "https://biblehub.com/topical/naves/v/vision_of_david_of_the_angel_of_the_lord_beside_the_threshing-floor_of_ornan.htm",
    "Vision of Elisha: At the Transporting of Elijah": "https://biblehub.com/topical/naves/v/vision_of_elisha--at_the_transporting_of_elijah.htm",
    "Vision of Elisha's Servant of the Chariots of the Lord": "https://biblehub.com/topical/naves/v/vision_of_elisha's_servant_of_the_chariots_of_the_lord.htm",
    "Vision of Ezekiel of the City and Temple": "https://biblehub.com/topical/naves/v/vision_of_ezekiel_of_the_city_and_temple.htm",
    "Vision of Ezekiel of the Coals of Fire": "https://biblehub.com/topical/naves/v/vision_of_ezekiel_of_the_coals_of_fire.htm",
    "Vision of Ezekiel of the Dry Bones": "https://biblehub.com/topical/naves/v/vision_of_ezekiel_of_the_dry_bones.htm",
    "Vision of Ezekiel of the Glory of God": "https://biblehub.com/topical/naves/v/vision_of_ezekiel_of_the_glory_of_god.htm",
    "Vision of Ezekiel of the Man of Fire": "https://biblehub.com/topical/naves/v/vision_of_ezekiel_of_the_man_of_fire.htm",
    "Vision of Ezekiel of the Roll": "https://biblehub.com/topical/naves/v/vision_of_ezekiel_of_the_roll.htm",
    "Vision of Ezekiel of the Waters": "https://biblehub.com/topical/naves/v/vision_of_ezekiel_of_the_waters.htm",
    "Vision of Isaiah of the Lord and his Glory in the Temple": "https://biblehub.com/topical/naves/v/vision_of_isaiah_of_the_lord_and_his_glory_in_the_temple.htm",
    "Vision of Isaiah of the Valley of Vision": "https://biblehub.com/topical/naves/v/vision_of_isaiah_of_the_valley_of_vision.htm",
    "Vision of Jacob of the Ladder With Ascending and Descending Angels": "https://biblehub.com/topical/naves/v/vision_of_jacob_of_the_ladder_with_ascending_and_descending_angels.htm",
    "Vision of Jacob: At Beer-Sheba": "https://biblehub.com/topical/naves/v/vision_of_jacob--at_beer-sheba.htm",
    "Vision of Jeremiah of an Almond Rod": "https://biblehub.com/topical/naves/v/vision_of_jeremiah_of_an_almond_rod.htm",
    "Vision of Jeremiah of the Seething Pot": "https://biblehub.com/topical/naves/v/vision_of_jeremiah_of_the_seething_pot.htm",
    "Vision of Job of a Spirit": "https://biblehub.com/topical/naves/v/vision_of_job_of_a_spirit.htm",
    "Vision of John on the Island of Patmos of Christ and the Golden Lampstands": "https://biblehub.com/topical/naves/v/vision_of_john_on_the_island_of_patmos_of_christ_and_the_golden_lampstands.htm",
    "Vision of John on the Island of Patmos: A Rainbow and the Throne": "https://biblehub.com/topical/naves/v/vision_of_john_on_the_island_of_patmos--a_rainbow_and_the_throne.htm",
    "Vision of John on the Island of Patmos: A Son of Man With a Sickle": "https://biblehub.com/topical/naves/v/vision_of_john_on_the_island_of_patmos--a_son_of_man_with_a_sickle.htm",
    "Vision of John on the Island of Patmos: Death and Hell (Gehenna)": "https://biblehub.com/topical/naves/v/vision_of_john_on_the_island_of_patmos--death_and_hell_(gehenna).htm",
    "Vision of John on the Island of Patmos: One-Third of the Sun, the Moon, and the Stars Were Darkened": "https://biblehub.com/topical/naves/v/vision_of_john_on_the_island_of_patmos--one-third_of_the_sun,_the_moon,_and_the_stars_were_darkened.htm",
    "Vision of John on the Island of Patmos: Satan Bound for One-Thousand Years": "https://biblehub.com/topical/naves/v/vision_of_john_on_the_island_of_patmos--satan_bound_for_one-thousand_years.htm",
    "Vision of John on the Island of Patmos: The Angel Coming out of the Temple": "https://biblehub.com/topical/naves/v/vision_of_john_on_the_island_of_patmos--the_angel_coming_out_of_the_temple.htm",
    "Vision of John on the Island of Patmos: The Angel Having Power Over Fire": "https://biblehub.com/topical/naves/v/vision_of_john_on_the_island_of_patmos--the_angel_having_power_over_fire.htm",
    "Vision of John on the Island of Patmos: The Angel Having the Everlasting Gospel": "https://biblehub.com/topical/naves/v/vision_of_john_on_the_island_of_patmos--the_angel_having_the_everlasting_gospel.htm",
    "Vision of John on the Island of Patmos: The Angel in the Sun": "https://biblehub.com/topical/naves/v/vision_of_john_on_the_island_of_patmos--the_angel_in_the_sun.htm",
    "Vision of John on the Island of Patmos: The Angel Proclaiming the Fall of Babylon": "https://biblehub.com/topical/naves/v/vision_of_john_on_the_island_of_patmos--the_angel_proclaiming_the_fall_of_babylon.htm",
    "Vision of John on the Island of Patmos: The Angel Reaping the Harvest": "https://biblehub.com/topical/naves/v/vision_of_john_on_the_island_of_patmos--the_angel_reaping_the_harvest.htm",
    "Vision of John on the Island of Patmos: The Angel That had a Book": "https://biblehub.com/topical/naves/v/vision_of_john_on_the_island_of_patmos--the_angel_that_had_a_book.htm",
    "Vision of John on the Island of Patmos: The Angels With the Seven Last Plagues": "https://biblehub.com/topical/naves/v/vision_of_john_on_the_island_of_patmos--the_angels_with_the_seven_last_plagues.htm",
    "Vision of John on the Island of Patmos: The Army of Horsemen": "https://biblehub.com/topical/naves/v/vision_of_john_on_the_island_of_patmos--the_army_of_horsemen.htm",
    "Vision of John on the Island of Patmos: The Beast Coming out of the Earth": "https://biblehub.com/topical/naves/v/vision_of_john_on_the_island_of_patmos--the_beast_coming_out_of_the_earth.htm",
    "Vision of John on the Island of Patmos: The Beast Rising out of the Sea": "https://biblehub.com/topical/naves/v/vision_of_john_on_the_island_of_patmos--the_beast_rising_out_of_the_sea.htm",
    "Vision of John on the Island of Patmos: The Beast That Came up out of the Bottomless Pit": "https://biblehub.com/topical/naves/v/vision_of_john_on_the_island_of_patmos--the_beast_that_came_up_out_of_the_bottomless_pit.htm",
    "Vision of John on the Island of Patmos: The Book With Seven Seals": "https://biblehub.com/topical/naves/v/vision_of_john_on_the_island_of_patmos--the_book_with_seven_seals.htm",
    "Vision of John on the Island of Patmos: The Bottomless Pit": "https://biblehub.com/topical/naves/v/vision_of_john_on_the_island_of_patmos--the_bottomless_pit.htm",
    "Vision of John on the Island of Patmos: The Censer": "https://biblehub.com/topical/naves/v/vision_of_john_on_the_island_of_patmos--the_censer.htm",
    "Vision of John on the Island of Patmos: The Court of the Gentiles": "https://biblehub.com/topical/naves/v/vision_of_john_on_the_island_of_patmos--the_court_of_the_gentiles.htm",
    "Vision of John on the Island of Patmos: The Destruction of Babylon": "https://biblehub.com/topical/naves/v/vision_of_john_on_the_island_of_patmos--the_destruction_of_babylon.htm",
    "Vision of John on the Island of Patmos: The Earthquake and the Celestial Phenomena": "https://biblehub.com/topical/naves/v/vision_of_john_on_the_island_of_patmos--the_earthquake_and_the_celestial_phenomena.htm",
    "Vision of John on the Island of Patmos: The Fall of the City": "https://biblehub.com/topical/naves/v/vision_of_john_on_the_island_of_patmos--the_fall_of_the_city.htm",
    "Vision of John on the Island of Patmos: The Falling Star": "https://biblehub.com/topical/naves/v/vision_of_john_on_the_island_of_patmos--the_falling_star.htm",
    "Vision of John on the Island of Patmos: The Four Angels": "https://biblehub.com/topical/naves/v/vision_of_john_on_the_island_of_patmos--the_four_angels.htm",
    "Vision of John on the Island of Patmos: The Four Angels Released from the Euphrates River": "https://biblehub.com/topical/naves/v/vision_of_john_on_the_island_of_patmos--the_four_angels_released_from_the_euphrates_river.htm",
    "Vision of John on the Island of Patmos: The Four Horses": "https://biblehub.com/topical/naves/v/vision_of_john_on_the_island_of_patmos--the_four_horses.htm",
    "Vision of John on the Island of Patmos: The Four Living Creatures": "https://biblehub.com/topical/naves/v/vision_of_john_on_the_island_of_patmos--the_four_living_creatures.htm",
    "Vision of John on the Island of Patmos: The Golden Vials": "https://biblehub.com/topical/naves/v/vision_of_john_on_the_island_of_patmos--the_golden_vials.htm",
    "Vision of John on the Island of Patmos: The Great White Throne": "https://biblehub.com/topical/naves/v/vision_of_john_on_the_island_of_patmos--the_great_white_throne.htm",
    "Vision of John on the Island of Patmos: The Hail and Fire": "https://biblehub.com/topical/naves/v/vision_of_john_on_the_island_of_patmos--the_hail_and_fire.htm",
    "Vision of John on the Island of Patmos: The Lamb on Mount Zion": "https://biblehub.com/topical/naves/v/vision_of_john_on_the_island_of_patmos--the_lamb_on_mount_zion.htm",
    "Vision of John on the Island of Patmos: The Locusts": "https://biblehub.com/topical/naves/v/vision_of_john_on_the_island_of_patmos--the_locusts.htm",
    "Vision of John on the Island of Patmos: The Measurement of the Temple": "https://biblehub.com/topical/naves/v/vision_of_john_on_the_island_of_patmos--the_measurement_of_the_temple.htm",
    "Vision of John on the Island of Patmos: The Mountain That Was Thrown Into the Sea": "https://biblehub.com/topical/naves/v/vision_of_john_on_the_island_of_patmos--the_mountain_that_was_thrown_into_the_sea.htm",
    "Vision of John on the Island of Patmos: The Multitude Praising": "https://biblehub.com/topical/naves/v/vision_of_john_on_the_island_of_patmos--the_multitude_praising.htm",
    "Vision of John on the Island of Patmos: The New Jerusalem": "https://biblehub.com/topical/naves/v/vision_of_john_on_the_island_of_patmos--the_new_jerusalem.htm",
    "Vision of John on the Island of Patmos: The One Who is Faithful and True, Riding a White Horse": "https://biblehub.com/topical/naves/v/vision_of_john_on_the_island_of_patmos--the_one_who_is_faithful_and_true,_riding_a_white_horse.htm",
    "Vision of John on the Island of Patmos: The Open Door": "https://biblehub.com/topical/naves/v/vision_of_john_on_the_island_of_patmos--the_open_door.htm",
    "Vision of John on the Island of Patmos: The Opening of the Book of Life": "https://biblehub.com/topical/naves/v/vision_of_john_on_the_island_of_patmos--the_opening_of_the_book_of_life.htm",
    "Vision of John on the Island of Patmos: The Plague Upon the Men Who had the Mark of the Beast": "https://biblehub.com/topical/naves/v/vision_of_john_on_the_island_of_patmos--the_plague_upon_the_men_who_had_the_mark_of_the_beast.htm",
    "Vision of John on the Island of Patmos: The Red Dragon": "https://biblehub.com/topical/naves/v/vision_of_john_on_the_island_of_patmos--the_red_dragon.htm",
    "Vision of John on the Island of Patmos: The River of Life": "https://biblehub.com/topical/naves/v/vision_of_john_on_the_island_of_patmos--the_river_of_life.htm",
    "Vision of John on the Island of Patmos: The Sea of Glass": "https://biblehub.com/topical/naves/v/vision_of_john_on_the_island_of_patmos--the_sea_of_glass.htm",
    "Vision of John on the Island of Patmos: The Sea Turned Into Blood": "https://biblehub.com/topical/naves/v/vision_of_john_on_the_island_of_patmos--the_sea_turned_into_blood.htm",
    "Vision of John on the Island of Patmos: The Sealing of the One Hundred and Forty Four Thousand": "https://biblehub.com/topical/naves/v/vision_of_john_on_the_island_of_patmos--the_sealing_of_the_one_hundred_and_forty_four_thousand.htm",
    "Vision of John on the Island of Patmos: The Second and Third Woes": "https://biblehub.com/topical/naves/v/vision_of_john_on_the_island_of_patmos--the_second_and_third_woes.htm",
    "Vision of John on the Island of Patmos: The Seven Angels With the Seven Vials of the Wrath of God": "https://biblehub.com/topical/naves/v/vision_of_john_on_the_island_of_patmos--the_seven_angels_with_the_seven_vials_of_the_wrath_of_god.htm",
    "Vision of John on the Island of Patmos: The Seven Lamps": "https://biblehub.com/topical/naves/v/vision_of_john_on_the_island_of_patmos--the_seven_lamps.htm",
    "Vision of John on the Island of Patmos: The Seven Thunders": "https://biblehub.com/topical/naves/v/vision_of_john_on_the_island_of_patmos--the_seven_thunders.htm",
    "Vision of John on the Island of Patmos: The Seventh Seal and the Seven Angels": "https://biblehub.com/topical/naves/v/vision_of_john_on_the_island_of_patmos--the_seventh_seal_and_the_seven_angels.htm",
    "Vision of John on the Island of Patmos: The Six Seals": "https://biblehub.com/topical/naves/v/vision_of_john_on_the_island_of_patmos--the_six_seals.htm",
    "Vision of John on the Island of Patmos: The Temple Opened": "https://biblehub.com/topical/naves/v/vision_of_john_on_the_island_of_patmos--the_temple_opened.htm",
    "Vision of John on the Island of Patmos: The Thrones of Judgment": "https://biblehub.com/topical/naves/v/vision_of_john_on_the_island_of_patmos--the_thrones_of_judgment.htm",
    "Vision of John on the Island of Patmos: The Tree of Life": "https://biblehub.com/topical/naves/v/vision_of_john_on_the_island_of_patmos--the_tree_of_life.htm",
    "Vision of John on the Island of Patmos: The Twenty-Four Elders": "https://biblehub.com/topical/naves/v/vision_of_john_on_the_island_of_patmos--the_twenty-four_elders.htm",
    "Vision of John on the Island of Patmos: The Two Olive Trees and the Two Lampstands": "https://biblehub.com/topical/naves/v/vision_of_john_on_the_island_of_patmos--the_two_olive_trees_and_the_two_lampstands.htm",
    "Vision of John on the Island of Patmos: The Two Witnesses": "https://biblehub.com/topical/naves/v/vision_of_john_on_the_island_of_patmos--the_two_witnesses.htm",
    "Vision of John on the Island of Patmos: The Vine and the Winepress": "https://biblehub.com/topical/naves/v/vision_of_john_on_the_island_of_patmos--the_vine_and_the_winepress.htm",
    "Vision of John on the Island of Patmos: The War in Heaven": "https://biblehub.com/topical/naves/v/vision_of_john_on_the_island_of_patmos--the_war_in_heaven.htm",
    "Vision of John on the Island of Patmos: The Woman Clothed With the Sun": "https://biblehub.com/topical/naves/v/vision_of_john_on_the_island_of_patmos--the_woman_clothed_with_the_sun.htm",
    "Vision of John the Baptist: At the Immersion of Jesus": "https://biblehub.com/topical/naves/v/vision_of_john_the_baptist--at_the_immersion_of_jesus.htm",
    "Vision of Joshua of the Captain of the Lord's Army": "https://biblehub.com/topical/naves/v/vision_of_joshua_of_the_captain_of_the_lord's_army.htm",
    "Vision of Micaiah of the Defeat of the Israelites; of the Lord on his Throne; and of a Lying Spirit": "https://biblehub.com/topical/naves/v/vision_of_micaiah_of_the_defeat_of_the_israelites;_of_the_lord_on_his_throne;_and_of_a_lying_spirit.htm",
    "Vision of Moses of the Burning Bush": "https://biblehub.com/topical/naves/v/vision_of_moses_of_the_burning_bush.htm",
    "Vision of Moses of the Glory of God": "https://biblehub.com/topical/naves/v/vision_of_moses_of_the_glory_of_god.htm",
    "Vision of Paul in a Trance": "https://biblehub.com/topical/naves/v/vision_of_paul_in_a_trance.htm",
    "Vision of Paul in Corinth": "https://biblehub.com/topical/naves/v/vision_of_paul_in_corinth.htm",
    "Vision of Paul of a Man of Macedonia, Saying, \"Come Over Into Macedonia, and Help Us\"": "https://biblehub.com/topical/naves/v/vision_of_paul_of_a_man_of_macedonia,_saying,_come_over_into_macedonia,_and_help_us.htm",
    "Vision of Paul of Ananias": "https://biblehub.com/topical/naves/v/vision_of_paul_of_ananias.htm",
    "Vision of Paul of Christ, on the Way to Damascus": "https://biblehub.com/topical/naves/v/vision_of_paul_of_christ,_on_the_way_to_damascus.htm",
    "Vision of Paul of Paradise": "https://biblehub.com/topical/naves/v/vision_of_paul_of_paradise.htm",
    "Vision of Peter of the Sheet Which Was Lowered from the Sky": "https://biblehub.com/topical/naves/v/vision_of_peter_of_the_sheet_which_was_lowered_from_the_sky.htm",
    "Vision of Stephen of Christ": "https://biblehub.com/topical/naves/v/vision_of_stephen_of_christ.htm",
    "Vision of the Israelites of the Manifestation of the Glory of God": "https://biblehub.com/topical/naves/v/vision_of_the_israelites_of_the_manifestation_of_the_glory_of_god.htm",
    "Vision of the People of the Tongues of Fire at Pentecost": "https://biblehub.com/topical/naves/v/vision_of_the_people_of_the_tongues_of_fire_at_pentecost.htm",
    "Vision of Zacharias in the Temple": "https://biblehub.com/topical/naves/v/vision_of_zacharias_in_the_temple.htm",
    "Vision of Zechariah of Horns and Carpenters": "https://biblehub.com/topical/naves/v/vision_of_zechariah_of_horns_and_carpenters.htm",
    "Vision of Zechariah of Horses": "https://biblehub.com/topical/naves/v/vision_of_zechariah_of_horses.htm",
    "Vision of Zechariah of the Flying Roll": "https://biblehub.com/topical/naves/v/vision_of_zechariah_of_the_flying_roll.htm",
    "Vision of Zechariah of the Golden Lampstand": "https://biblehub.com/topical/naves/v/vision_of_zechariah_of_the_golden_lampstand.htm",
    "Vision of Zechariah of the High Priest": "https://biblehub.com/topical/naves/v/vision_of_zechariah_of_the_high_priest.htm",
    "Vision of Zechariah of the Mountains and Chariots": "https://biblehub.com/topical/naves/v/vision_of_zechariah_of_the_mountains_and_chariots.htm",
    "Vision: A Mode of Revelation": "https://biblehub.com/topical/naves/v/vision--a_mode_of_revelation.htm",
    "Vision: Peter, James, and John of the Transfiguration of Jesus and the Appearance of Moses and Elijah": "https://biblehub.com/topical/naves/v/vision--peter,_james,_and_john_of_the_transfiguration_of_jesus_and_the_appearance_of_moses_and_elijah.htm",
    "Visions": "https://biblehub.com/topical/v/visions.htm",
    "Visions: False Prophets Pretended to Have Seen": "https://biblehub.com/topical/ttt/v/visions--false_prophets_pretended_to_have_seen.htm",
    "Visions: Frequently Difficult and Perplexing to Those Who Received": "https://biblehub.com/topical/ttt/v/visions--frequently_difficult_and_perplexing_to_those_who_received.htm",
    "Visions: God Especially Made Himself Known to Prophets By": "https://biblehub.com/topical/ttt/v/visions--god_especially_made_himself_known_to_prophets_by.htm",
    "Visions: God often Made Known his Will By": "https://biblehub.com/topical/ttt/v/visions--god_often_made_known_his_will_by.htm",
    "Visions: Often Accompanied: A Representative of the Divine Person and Glory": "https://biblehub.com/topical/ttt/v/visions--often_accompanied--a_representative_of_the_divine_person_and_glory.htm",
    "Visions: Often Accompanied: An Appearance of Angels": "https://biblehub.com/topical/ttt/v/visions--often_accompanied--an_appearance_of_angels.htm",
    "Visions: Often Accompanied: An Appearance of Human Beings": "https://biblehub.com/topical/ttt/v/visions--often_accompanied--an_appearance_of_human_beings.htm",
    "Visions: Often Accompanied: An Audible Voice from Heaven": "https://biblehub.com/topical/ttt/v/visions--often_accompanied--an_audible_voice_from_heaven.htm",
    "Visions: Often Communicated in a Trance": "https://biblehub.com/topical/ttt/v/visions--often_communicated_in_a_trance.htm",
    "Visions: Often Communicated in the Night Season": "https://biblehub.com/topical/ttt/v/visions--often_communicated_in_the_night_season.htm",
    "Visions: Often Multiplied for the Benefit of the People": "https://biblehub.com/topical/ttt/v/visions--often_multiplied_for_the_benefit_of_the_people.htm",
    "Visions: Often Recorded for the Benefit of the People": "https://biblehub.com/topical/ttt/v/visions--often_recorded_for_the_benefit_of_the_people.htm",
    "Visions: Sometimes Withheld for a Long Season": "https://biblehub.com/topical/ttt/v/visions--sometimes_withheld_for_a_long_season.htm",
    "Visions: The Prophets of God Skilled in Interpreting": "https://biblehub.com/topical/ttt/v/visions--the_prophets_of_god_skilled_in_interpreting.htm",
    "Visions: The Withholding of a Great Calamity": "https://biblehub.com/topical/ttt/v/visions--the_withholding_of_a_great_calamity.htm",
    "Visions: To Abraham": "https://biblehub.com/topical/ttt/v/visions--to_abraham.htm",
    "Visions: To Amos": "https://biblehub.com/topical/ttt/v/visions--to_amos.htm",
    "Visions: To Ananias": "https://biblehub.com/topical/ttt/v/visions--to_ananias.htm",
    "Visions: To Cornelius": "https://biblehub.com/topical/ttt/v/visions--to_cornelius.htm",
    "Visions: To Daniel (See Chapters 7, 8, and 10 of Daniel)": "https://biblehub.com/topical/ttt/v/visions--to_daniel_(see_chapters_7,_8,_and_10_of_daniel).htm",
    "Visions: To Eliphaz": "https://biblehub.com/topical/ttt/v/visions--to_eliphaz.htm",
    "Visions: To Ezekiel (See Chapters 10, 40-48 of Ezekiel)": "https://biblehub.com/topical/ttt/v/visions--to_ezekiel_(see_chapters_10,_40-48_of_ezekiel).htm",
    "Visions: To Isaiah": "https://biblehub.com/topical/ttt/v/visions--to_isaiah.htm",
    "Visions: To Jacob": "https://biblehub.com/topical/ttt/v/visions--to_jacob.htm",
    "Visions: To John (See Also Rev Chapters 4 - 22)": "https://biblehub.com/topical/ttt/v/visions--to_john_(see_also_rev_chapters_4_-_22).htm",
    "Visions: To Moses": "https://biblehub.com/topical/ttt/v/visions--to_moses.htm",
    "Visions: To Nathan": "https://biblehub.com/topical/ttt/v/visions--to_nathan.htm",
    "Visions: To Nebuchadnezzar": "https://biblehub.com/topical/ttt/v/visions--to_nebuchadnezzar.htm",
    "Visions: To Paul": "https://biblehub.com/topical/ttt/v/visions--to_paul.htm",
    "Visions: To Peter": "https://biblehub.com/topical/ttt/v/visions--to_peter.htm",
    "Visions: To Samuel": "https://biblehub.com/topical/ttt/v/visions--to_samuel.htm",
    "Visions: To Zechariah": "https://biblehub.com/topical/ttt/v/visions--to_zechariah.htm",
    "Visit": "https://biblehub.com/topical/v/visit.htm",
    "Visitation": "https://biblehub.com/topical/v/visitation.htm",
    "Visited": "https://biblehub.com/topical/v/visited.htm",
    "Visitest": "https://biblehub.com/topical/v/visitest.htm",
    "Visiteth": "https://biblehub.com/topical/v/visiteth.htm",
    "Visiting": "https://biblehub.com/topical/v/visiting.htm",
    "Visitor": "https://biblehub.com/topical/v/visitor.htm",
    "Visitors": "https://biblehub.com/topical/v/visitors.htm",
    "Visits": "https://biblehub.com/topical/v/visits.htm",
    "Vital": "https://biblehub.com/topical/v/vital.htm",
    "Vitality": "https://biblehub.com/topical/v/vitality.htm",
    "Vividly": "https://biblehub.com/topical/v/vividly.htm",
    "Vivified": "https://biblehub.com/topical/v/vivified.htm",
    "Vivifying": "https://biblehub.com/topical/v/vivifying.htm",
    "Vocation": "https://biblehub.com/topical/v/vocation.htm",
    "Voice": "https://biblehub.com/topical/v/voice.htm",
    "Voice of God": "https://biblehub.com/topical/naves/v/voice_of_god.htm",
    "Voices": "https://biblehub.com/topical/v/voices.htm",
    "Void": "https://biblehub.com/topical/v/void.htm",
    "Volition": "https://biblehub.com/topical/v/volition.htm",
    "Volume": "https://biblehub.com/topical/v/volume.htm",
    "Voluntarily": "https://biblehub.com/topical/v/voluntarily.htm",
    "Voluntary": "https://biblehub.com/topical/v/voluntary.htm",
    "Voluntary-offering": "https://biblehub.com/topical/v/voluntary-offering.htm",
    "Voluntary-offerings": "https://biblehub.com/topical/v/voluntary-offerings.htm",
    "Volunteer": "https://biblehub.com/topical/v/volunteer.htm",
    "Volunteer Work": "https://biblehub.com/topical/v/volunteer_work.htm",
    "Volunteered": "https://biblehub.com/topical/v/volunteered.htm",
    "Volunteers": "https://biblehub.com/topical/v/volunteers.htm",
    "Voluptuous": "https://biblehub.com/topical/v/voluptuous.htm",
    "Vomit": "https://biblehub.com/topical/v/vomit.htm",
    "Vomited": "https://biblehub.com/topical/v/vomited.htm",
    "Vomiteth": "https://biblehub.com/topical/v/vomiteth.htm",
    "Vomiting": "https://biblehub.com/topical/v/vomiting.htm",
    "Vomits": "https://biblehub.com/topical/v/vomits.htm",
    "Vophsi": "https://biblehub.com/topical/v/vophsi.htm",
    "Vophsi: Father of Nahbi": "https://biblehub.com/topical/naves/v/vophsi--father_of_nahbi.htm",
    "Vopshi": "https://biblehub.com/topical/v/vopshi.htm",
    "Vote": "https://biblehub.com/topical/v/vote.htm",
    "Voted": "https://biblehub.com/topical/v/voted.htm",
    "Voting": "https://biblehub.com/topical/v/voting.htm",
    "Votive": "https://biblehub.com/topical/v/votive.htm",
    "Vouch": "https://biblehub.com/topical/v/vouch.htm",
    "Vouches": "https://biblehub.com/topical/v/vouches.htm",
    "Voucheth": "https://biblehub.com/topical/v/voucheth.htm",
    "Vouchsafed": "https://biblehub.com/topical/v/vouchsafed.htm",
    "Vow": "https://biblehub.com/topical/v/vow.htm",
    "Vowed": "https://biblehub.com/topical/v/vowed.htm",
    "Vowedst": "https://biblehub.com/topical/v/vowedst.htm",
    "Vowest": "https://biblehub.com/topical/v/vowest.htm",
    "Voweth": "https://biblehub.com/topical/v/voweth.htm",
    "Vowing": "https://biblehub.com/topical/v/vowing.htm",
    "Vows": "https://biblehub.com/topical/v/vows.htm",
    "Vows of a Field": "https://biblehub.com/topical/naves/v/vows_of_a_field.htm",
    "Vows of Absalom": "https://biblehub.com/topical/naves/v/vows_of_absalom.htm",
    "Vows of Ananias and Sapphira, in the Dedication of the Proceeds of the Sale of Their Land": "https://biblehub.com/topical/naves/v/vows_of_ananias_and_sapphira,_in_the_dedication_of_the_proceeds_of_the_sale_of_their_land.htm",
    "Vows of Certain Jews With Paul": "https://biblehub.com/topical/ttt/v/vows_of_certain_jews_with_paul.htm",
    "Vows of Children Void Without the Consent of Parents": "https://biblehub.com/topical/ttt/v/vows_of_children_void_without_the_consent_of_parents.htm",
    "Vows of David": "https://biblehub.com/topical/ttt/v/vows_of_david.htm",
    "Vows of Elkanah": "https://biblehub.com/topical/naves/v/vows_of_elkanah.htm",
    "Vows of Hannah": "https://biblehub.com/topical/ttt/v/vows_of_hannah.htm",
    "Vows of Hannah, to Consecrate to the Lord the Child for Which She Prayed": "https://biblehub.com/topical/naves/v/vows_of_hannah,_to_consecrate_to_the_lord_the_child_for_which_she_prayed.htm",
    "Vows of Israelites": "https://biblehub.com/topical/ttt/v/vows_of_israelites.htm",
    "Vows of Jacob": "https://biblehub.com/topical/ttt/v/vows_of_jacob.htm",
    "Vows of Jephthah": "https://biblehub.com/topical/ttt/v/vows_of_jephthah.htm",
    "Vows of Job, not to Entertain Thoughts of Fornication": "https://biblehub.com/topical/naves/v/vows_of_job,_not_to_entertain_thoughts_of_fornication.htm",
    "Vows of Jonah": "https://biblehub.com/topical/ttt/v/vows_of_jonah.htm",
    "Vows of Lemuel's Mother": "https://biblehub.com/topical/ttt/v/vows_of_lemuel's_mother.htm",
    "Vows of Mariners Who Cast out Jonah": "https://biblehub.com/topical/ttt/v/vows_of_mariners_who_cast_out_jonah.htm",
    "Vows of Married Women Void Without Consent of Husbands": "https://biblehub.com/topical/ttt/v/vows_of_married_women_void_without_consent_of_husbands.htm",
    "Vows of Paul": "https://biblehub.com/topical/ttt/v/vows_of_paul.htm",
    "Vows of the Jews, to Kill Paul": "https://biblehub.com/topical/naves/v/vows_of_the_jews,_to_kill_paul.htm",
    "Vows of the Mother of Micah, in the Dedication of Silver for the Making of an Idol": "https://biblehub.com/topical/naves/v/vows_of_the_mother_of_micah,_in_the_dedication_of_silver_for_the_making_of_an_idol.htm",
    "Vows of Things Corrupt or Blemished an Insult to God": "https://biblehub.com/topical/ttt/v/vows_of_things_corrupt_or_blemished_an_insult_to_god.htm",
    "Vows of Widows and Women Divorced from Their Husbands Binding": "https://biblehub.com/topical/ttt/v/vows_of_widows_and_women_divorced_from_their_husbands_binding.htm",
    "Vows of Wives, Could Only be Objected to at the Time of Making": "https://biblehub.com/topical/ttt/v/vows_of_wives,_could_only_be_objected_to_at_the_time_of_making.htm",
    "Vows were Made in Reference to Afflicting the Soul": "https://biblehub.com/topical/ttt/v/vows_were_made_in_reference_to_afflicting_the_soul.htm",
    "Vows were Made in Reference to Dedicating Children to God": "https://biblehub.com/topical/ttt/v/vows_were_made_in_reference_to_dedicating_children_to_god.htm",
    "Vows were Made in Reference to Devoting Property to God": "https://biblehub.com/topical/ttt/v/vows_were_made_in_reference_to_devoting_property_to_god.htm",
    "Vows were Made in Reference to Devoting the Person to God": "https://biblehub.com/topical/ttt/v/vows_were_made_in_reference_to_devoting_the_person_to_god.htm",
    "Vows were Made in Reference to Offering Sacrifices": "https://biblehub.com/topical/ttt/v/vows_were_made_in_reference_to_offering_sacrifices.htm",
    "Vows: A Minor, of Himself": "https://biblehub.com/topical/naves/v/vows--a_minor,_of_himself.htm",
    "Vows: All Things Dedicated By, to be Brought to the Tabernacle": "https://biblehub.com/topical/ttt/v/vows--all_things_dedicated_by,_to_be_brought_to_the_tabernacle.htm",
    "Vows: Belonged to the Priests": "https://biblehub.com/topical/naves/v/vows--belonged_to_the_priests.htm",
    "Vows: Clean Beasts the Subjects of, not to be Redeemed": "https://biblehub.com/topical/ttt/v/vows--clean_beasts_the_subjects_of,_not_to_be_redeemed.htm",
    "Vows: Danger of Inconsiderately Making": "https://biblehub.com/topical/ttt/v/vows--danger_of_inconsiderately_making.htm",
    "Vows: Edible Things offered In, to be Eaten the Same Day They Were offered": "https://biblehub.com/topical/naves/v/vows--edible_things_offered_in,_to_be_eaten_the_same_day_they_were_offered.htm",
    "Vows: Estimation of the Redemption Price of Things offered in Vows": "https://biblehub.com/topical/naves/v/vows--estimation_of_the_redemption_price_of_things_offered_in_vows.htm",
    "Vows: Might be Redeemed by Paying a Suitable Compensation": "https://biblehub.com/topical/ttt/v/vows--might_be_redeemed_by_paying_a_suitable_compensation.htm",
    "Vows: Mosaic Laws Concerning": "https://biblehub.com/topical/naves/v/vows--mosaic_laws_concerning.htm",
    "Vows: Rash by Jephthah": "https://biblehub.com/topical/naves/v/vows--rash_by_jephthah.htm",
    "Vows: Rash: The Israelites, to Destroy the Benjamites": "https://biblehub.com/topical/naves/v/vows--rash--the_israelites,_to_destroy_the_benjamites.htm",
    "Vows: Solemn Promises Made to God": "https://biblehub.com/topical/ttt/v/vows--solemn_promises_made_to_god.htm",
    "Vows: The Hire of a Prostitute or Price of a Dog Could not be The": "https://biblehub.com/topical/ttt/v/vows--the_hire_of_a_prostitute_or_price_of_a_dog_could_not_be_the.htm",
    "Vows: The Redemption Price of the offering of Real Estate, to be Valued by the Priest": "https://biblehub.com/topical/naves/v/vows--the_redemption_price_of_the_offering_of_real_estate,_to_be_valued_by_the_priest.htm",
    "Vows: Things Forbidden to be offered in Receipts of the Whore and the Price of a \"Dog\"": "https://biblehub.com/topical/naves/v/vows--things_forbidden_to_be_offered_in_receipts_of_the_whore_and_the_price_of_a_dog.htm",
    "Vows: Things offered In, to be Brought to the Tabernacle or Temple": "https://biblehub.com/topical/naves/v/vows--things_offered_in,_to_be_brought_to_the_tabernacle_or_temple.htm",
    "Vows: To be Performed Faithfully": "https://biblehub.com/topical/ttt/v/vows--to_be_performed_faithfully.htm",
    "Vows: To be Performed Without Delay": "https://biblehub.com/topical/ttt/v/vows--to_be_performed_without_delay.htm",
    "Vows: To be Voluntary": "https://biblehub.com/topical/ttt/v/vows--to_be_voluntary.htm",
    "Vows: Unclassified Scriptures Relating To": "https://biblehub.com/topical/naves/v/vows--unclassified_scriptures_relating_to.htm",
    "Voyage": "https://biblehub.com/topical/v/voyage.htm",
    "Voyage and Shipwreck of Paul": "https://biblehub.com/topical/v/voyage_and_shipwreck_of_paul.htm",
    "Vulgate": "https://biblehub.com/topical/v/vulgate.htm",
    "Vultur": "https://biblehub.com/topical/v/vultur.htm",
    "Vulture": "https://biblehub.com/topical/v/vulture.htm",
    "Vulture in RV , Translated \"Falcon\"": "https://biblehub.com/topical/naves/v/vulture_in_rv_,_translated_falcon.htm",
    "Vulture: A Carnivorous Bird": "https://biblehub.com/topical/naves/v/vulture--a_carnivorous_bird.htm",
    "Vulture: And \"Kite\"": "https://biblehub.com/topical/naves/v/vulture--and_kite.htm",
    "Vultures": "https://biblehub.com/topical/v/vultures.htm",
    "Vulture's": "https://biblehub.com/topical/v/vulture's.htm",
    "Vultur's": "https://biblehub.com/topical/v/vultur's.htm"
}