{
    "Yah": "https://biblehub.com/topical/y/yah.htm",
    "Yah's": "https://biblehub.com/topical/y/yah's.htm",
    "Yahweh": "https://biblehub.com/topical/y/yahweh.htm",
    "Yahweh-nissi": "https://biblehub.com/topical/y/yahweh-nissi.htm",
    "Yahweh's": "https://biblehub.com/topical/y/yahweh's.htm",
    "Yahweh-shalom": "https://biblehub.com/topical/y/yahweh-shalom.htm",
    "Yahweh-yireh": "https://biblehub.com/topical/y/yahweh-yireh.htm",
    "Yard": "https://biblehub.com/topical/y/yard.htm",
    "Yards": "https://biblehub.com/topical/y/yards.htm",
    "Yard-sticks": "https://biblehub.com/topical/y/yard-sticks.htm",
    "Yarn": "https://biblehub.com/topical/y/yarn.htm",
    "Yarn: General Scriptures Concerning": "https://biblehub.com/topical/naves/y/yarn--general_scriptures_concerning.htm",
    "Yaudi": "https://biblehub.com/topical/y/yaudi.htm",
    "Yawning": "https://biblehub.com/topical/y/yawning.htm",
    "Ye": "https://biblehub.com/topical/y/ye.htm",
    "Yea": "https://biblehub.com/topical/y/yea.htm",
    "Year": "https://biblehub.com/topical/y/year.htm",
    "Year of Jubilee": "https://biblehub.com/topical/y/year_of_jubilee.htm",
    "Year of Release": "https://biblehub.com/topical/naves/y/year_of_release.htm",
    "Year: A Thousand, With the Lord is Like One Day": "https://biblehub.com/topical/naves/y/year--a_thousand,_with_the_lord_is_like_one_day.htm",
    "Year: Age Computed By of Abraham": "https://biblehub.com/topical/naves/y/year--age_computed_by_of_abraham.htm",
    "Year: Age Computed By of Jacob": "https://biblehub.com/topical/naves/y/year--age_computed_by_of_jacob.htm",
    "Year: Annual Feasts": "https://biblehub.com/topical/naves/y/year--annual_feasts.htm",
    "Year: Divided Into Months": "https://biblehub.com/topical/naves/y/year--divided_into_months.htm",
    "Year: General Scriptures Concerning": "https://biblehub.com/topical/naves/y/year--general_scriptures_concerning.htm",
    "Year: Land to Rest for One, in Seven": "https://biblehub.com/topical/naves/y/year--land_to_rest_for_one,_in_seven.htm",
    "Year: Redemption of Houses Sold, Limited to One": "https://biblehub.com/topical/naves/y/year--redemption_of_houses_sold,_limited_to_one.htm",
    "Year: Satan to be Bound for a Thousand": "https://biblehub.com/topical/naves/y/year--satan_to_be_bound_for_a_thousand.htm",
    "Yearling": "https://biblehub.com/topical/y/yearling.htm",
    "Yearling-lamb": "https://biblehub.com/topical/y/yearling-lamb.htm",
    "Yearlings": "https://biblehub.com/topical/y/yearlings.htm",
    "Yearly": "https://biblehub.com/topical/y/yearly.htm",
    "Yearn": "https://biblehub.com/topical/y/yearn.htm",
    "Yearned": "https://biblehub.com/topical/y/yearned.htm",
    "Yearneth": "https://biblehub.com/topical/y/yearneth.htm",
    "Yearning": "https://biblehub.com/topical/y/yearning.htm",
    "Yearnings": "https://biblehub.com/topical/y/yearnings.htm",
    "Yearns": "https://biblehub.com/topical/y/yearns.htm",
    "Year-old": "https://biblehub.com/topical/y/year-old.htm",
    "Years": "https://biblehub.com/topical/y/years.htm",
    "Years in Prophetic Computation, Days Reckoned As": "https://biblehub.com/topical/ttt/y/years_in_prophetic_computation,_days_reckoned_as.htm",
    "Years: (Acceptable) of the Time of the Gospel": "https://biblehub.com/topical/ttt/y/years--(acceptable)_of_the_time_of_the_gospel.htm",
    "Years: (Being Full of) of Old Age": "https://biblehub.com/topical/ttt/y/years--(being_full_of)_of_old_age.htm",
    "Years: (Coming To) of Manhood": "https://biblehub.com/topical/ttt/y/years--(coming_to)_of_manhood.htm",
    "Years: (Of Recompences) Judgments": "https://biblehub.com/topical/ttt/y/years--(of_recompences)_judgments.htm",
    "Years: (Of the Redeemed) Redemption by Christ": "https://biblehub.com/topical/ttt/y/years--(of_the_redeemed)_redemption_by_christ.htm",
    "Years: (Of the Right Hand of the Most High) Prosperity": "https://biblehub.com/topical/ttt/y/years--(of_the_right_hand_of_the_most_high)_prosperity.htm",
    "Years: (Of Visitation) Severe Judgments": "https://biblehub.com/topical/ttt/y/years--(of_visitation)_severe_judgments.htm",
    "Years: (Well Stricken In) Old Age": "https://biblehub.com/topical/ttt/y/years--(well_stricken_in)_old_age.htm",
    "Years: Commencement of, Changed After the Exodus": "https://biblehub.com/topical/ttt/y/years--commencement_of,_changed_after_the_exodus.htm",
    "Years: Divided Into: Days": "https://biblehub.com/topical/ttt/y/years--divided_into--days.htm",
    "Years: Divided Into: Months": "https://biblehub.com/topical/ttt/y/years--divided_into--months.htm",
    "Years: Divided Into: Seasons": "https://biblehub.com/topical/ttt/y/years--divided_into--seasons.htm",
    "Years: Divided Into: Weeks": "https://biblehub.com/topical/ttt/y/years--divided_into--weeks.htm",
    "Years: Early Computation of Time By": "https://biblehub.com/topical/ttt/y/years--early_computation_of_time_by.htm",
    "Years: Jubilee": "https://biblehub.com/topical/ttt/y/years--jubilee.htm",
    "Years: Length of, During the Patriarchal Age": "https://biblehub.com/topical/ttt/y/years--length_of,_during_the_patriarchal_age.htm",
    "Years: Sabbatical": "https://biblehub.com/topical/ttt/y/years--sabbatical.htm",
    "Years: The Sun and Moon Appointed to Mark Out": "https://biblehub.com/topical/ttt/y/years--the_sun_and_moon_appointed_to_mark_out.htm",
    "Year's": "https://biblehub.com/topical/y/year's.htm",
    "Yeast": "https://biblehub.com/topical/y/yeast.htm",
    "Yell": "https://biblehub.com/topical/y/yell.htm",
    "Yelled": "https://biblehub.com/topical/y/yelled.htm",
    "Yelling": "https://biblehub.com/topical/y/yelling.htm",
    "Yellow": "https://biblehub.com/topical/y/yellow.htm",
    "Yellowish": "https://biblehub.com/topical/y/yellowish.htm",
    "Yes": "https://biblehub.com/topical/y/yes.htm",
    "Yes be Yes": "https://biblehub.com/topical/y/yes_be_yes.htm",
    "Yeshebi": "https://biblehub.com/topical/y/yeshebi.htm",
    "Yesterday": "https://biblehub.com/topical/y/yesterday.htm",
    "Yesterday and Today": "https://biblehub.com/topical/y/yesterday_and_today.htm",
    "Yesterday-night": "https://biblehub.com/topical/y/yesterday-night.htm",
    "Yesternight": "https://biblehub.com/topical/y/yesternight.htm",
    "Yet": "https://biblehub.com/topical/y/yet.htm",
    "Yiddish": "https://biblehub.com/topical/y/yiddish.htm",
    "Yield": "https://biblehub.com/topical/y/yield.htm",
    "Yielded": "https://biblehub.com/topical/y/yielded.htm",
    "Yieldeth": "https://biblehub.com/topical/y/yieldeth.htm",
    "Yielding": "https://biblehub.com/topical/y/yielding.htm",
    "Yields": "https://biblehub.com/topical/y/yields.htm",
    "Yiron": "https://biblehub.com/topical/y/yiron.htm",
    "Yod": "https://biblehub.com/topical/y/yod.htm",
    "Yodh": "https://biblehub.com/topical/y/yodh.htm",
    "Yoga": "https://biblehub.com/topical/y/yoga.htm",
    "Yoke": "https://biblehub.com/topical/y/yoke.htm",
    "Yoke: Figurative": "https://biblehub.com/topical/naves/y/yoke--figurative.htm",
    "Yoke-bars": "https://biblehub.com/topical/y/yoke-bars.htm",
    "Interfaith Marriage": "https://biblehub.com/topical/i/interfaith_marriage.htm",
    "Yoked": "https://biblehub.com/topical/y/yoked.htm",
    "Yokefellow": "https://biblehub.com/topical/y/yokefellow.htm",
    "Yoke-Fellow": "https://biblehub.com/topical/y/yoke-fellow.htm",
    "Yokes": "https://biblehub.com/topical/y/yokes.htm",
    "Yoking": "https://biblehub.com/topical/y/yoking.htm",
    "Yon": "https://biblehub.com/topical/y/yon.htm",
    "Yonder": "https://biblehub.com/topical/y/yonder.htm",
    "You": "https://biblehub.com/topical/y/you.htm",
    "You'll": "https://biblehub.com/topical/y/you'll.htm",
    "Young": "https://biblehub.com/topical/y/young.htm",
    "Young Men: General Scriptures Concerning": "https://biblehub.com/topical/naves/y/young_men--general_scriptures_concerning.htm",
    "Young Men: Religious Young Men: The Rich Young Man": "https://biblehub.com/topical/naves/y/young_men--religious_young_men--the_rich_young_man.htm",
    "Younger": "https://biblehub.com/topical/y/younger.htm",
    "Youngest": "https://biblehub.com/topical/y/youngest.htm",
    "You'no": "https://biblehub.com/topical/y/you'no.htm",
    "Your": "https://biblehub.com/topical/y/your.htm",
    "Your Body": "https://biblehub.com/topical/y/your_body.htm",
    "You're": "https://biblehub.com/topical/y/you're.htm",
    "Your'no": "https://biblehub.com/topical/y/your'no.htm",
    "Yours": "https://biblehub.com/topical/y/yours.htm",
    "Your's": "https://biblehub.com/topical/y/your's.htm",
    "Yourself": "https://biblehub.com/topical/y/yourself.htm",
    "Yourselves": "https://biblehub.com/topical/y/yourselves.htm",
    "Your'yes": "https://biblehub.com/topical/y/your'yes.htm",
    "Teenagers": "https://biblehub.com/topical/t/teenagers.htm",
    "Youth": "https://biblehub.com/topical/y/youth.htm",
    "Youthful": "https://biblehub.com/topical/y/youthful.htm",
    "Youthfulness": "https://biblehub.com/topical/y/youthfulness.htm",
    "Youths": "https://biblehub.com/topical/y/youths.htm",
    "You've": "https://biblehub.com/topical/y/you've.htm",
    "You-ward": "https://biblehub.com/topical/y/you-ward.htm",
    "Yud-kay-vav-kay": "https://biblehub.com/topical/y/yud-kay-vav-kay.htm"
}