{
    "Zaanaim": "https://biblehub.com/topical/z/zaanaim.htm",
    "Zaanaim: A Plain Near Kedesh": "https://biblehub.com/topical/naves/z/zaanaim--a_plain_near_kedesh.htm",
    "Zaanan": "https://biblehub.com/topical/z/zaanan.htm",
    "Zaanan: A Place of Uncertain Location": "https://biblehub.com/topical/naves/z/zaanan--a_place_of_uncertain_location.htm",
    "Za'anan": "https://biblehub.com/topical/z/za'anan.htm",
    "Zaanannim": "https://biblehub.com/topical/z/zaanannim.htm",
    "Za-anan'nim": "https://biblehub.com/topical/z/za-anan'nim.htm",
    "Zaavan": "https://biblehub.com/topical/z/zaavan.htm",
    "Zaavan or Zavan": "https://biblehub.com/topical/z/zaavan_or_zavan.htm",
    "Zaavan: A Son of Ezer": "https://biblehub.com/topical/naves/z/zaavan--a_son_of_ezer.htm",
    "Za'avan": "https://biblehub.com/topical/z/za'avan.htm",
    "Zabad": "https://biblehub.com/topical/z/zabad.htm",
    "Zabad: An Assassin of King Joash": "https://biblehub.com/topical/naves/z/zabad--an_assassin_of_king_joash.htm",
    "Zabad: An Assassin of King Joash: Called Jozachar In": "https://biblehub.com/topical/naves/z/zabad--an_assassin_of_king_joash--called_jozachar_in.htm",
    "Zabad: An Ephraimite": "https://biblehub.com/topical/naves/z/zabad--an_ephraimite.htm",
    "Zabad: One of David's Valiant Men": "https://biblehub.com/topical/naves/z/zabad--one_of_david's_valiant_men.htm",
    "Zabad: Son of Nathan": "https://biblehub.com/topical/naves/z/zabad--son_of_nathan.htm",
    "Zabad: Three Israelites Who Divorced Their Gentile Wives": "https://biblehub.com/topical/naves/z/zabad--three_israelites_who_divorced_their_gentile_wives.htm",
    "Zabadaeans": "https://biblehub.com/topical/z/zabadaeans.htm",
    "Zabadaias": "https://biblehub.com/topical/z/zabadaias.htm",
    "Zabadeans": "https://biblehub.com/topical/z/zabadeans.htm",
    "Zabadeas": "https://biblehub.com/topical/z/zabadeas.htm",
    "Zabbai": "https://biblehub.com/topical/z/zabbai.htm",
    "Zabbai: Father of Baruch": "https://biblehub.com/topical/naves/z/zabbai--father_of_baruch.htm",
    "Zabbai: Son of Bebai": "https://biblehub.com/topical/naves/z/zabbai--son_of_bebai.htm",
    "Zab'bai": "https://biblehub.com/topical/z/zab'bai.htm",
    "Zabbud": "https://biblehub.com/topical/z/zabbud.htm",
    "Zabbud: A Returned Exile": "https://biblehub.com/topical/naves/z/zabbud--a_returned_exile.htm",
    "Zabdeus": "https://biblehub.com/topical/z/zabdeus.htm",
    "Zabdi": "https://biblehub.com/topical/z/zabdi.htm",
    "Zabdi: A Benjamite": "https://biblehub.com/topical/naves/z/zabdi--a_benjamite.htm",
    "Zabdi: David's Storekeeper": "https://biblehub.com/topical/naves/z/zabdi--david's_storekeeper.htm",
    "Zabdi: Father of Carmi": "https://biblehub.com/topical/naves/z/zabdi--father_of_carmi.htm",
    "Zabdi: Son of Asaph": "https://biblehub.com/topical/naves/z/zabdi--son_of_asaph.htm",
    "Zabdiel": "https://biblehub.com/topical/z/zabdiel.htm",
    "Zabdiel: An Overseer of One-Hundred Twenty Eight Mighty Men of Valor, Who Lived in Jerusalem": "https://biblehub.com/topical/naves/z/zabdiel--an_overseer_of_one-hundred_twenty_eight_mighty_men_of_valor,_who_lived_in_jerusalem.htm",
    "Zabdiel: Father of Jashobeam": "https://biblehub.com/topical/naves/z/zabdiel--father_of_jashobeam.htm",
    "Zab'diel": "https://biblehub.com/topical/z/zab'diel.htm",
    "Zab'di-el": "https://biblehub.com/topical/z/zab'di-el.htm",
    "Zabud": "https://biblehub.com/topical/z/zabud.htm",
    "Zabud: A Chief officer of Solomon": "https://biblehub.com/topical/naves/z/zabud--a_chief_officer_of_solomon.htm",
    "Zabulon": "https://biblehub.com/topical/z/zabulon.htm",
    "Zaccai": "https://biblehub.com/topical/z/zaccai.htm",
    "Zaccai: A Jew Whose Descendants Returned from the Babylonian Exile": "https://biblehub.com/topical/naves/z/zaccai--a_jew_whose_descendants_returned_from_the_babylonian_exile.htm",
    "Zac'cai": "https://biblehub.com/topical/z/zac'cai.htm",
    "Zacchaeus": "https://biblehub.com/topical/z/zacchaeus.htm",
    "Zacchaeus (Zaccheus): Hosts Jesus": "https://biblehub.com/topical/naves/z/zacchaeus_(zaccheus)--hosts_jesus.htm",
    "Zacchae'us": "https://biblehub.com/topical/z/zacchae'us.htm",
    "Zaccheus": "https://biblehub.com/topical/z/zaccheus.htm",
    "Zacchur": "https://biblehub.com/topical/z/zacchur.htm",
    "Zacchur: A Simeonite": "https://biblehub.com/topical/naves/z/zacchur--a_simeonite.htm",
    "Zaccur": "https://biblehub.com/topical/z/zaccur.htm",
    "Zaccur: A Merarite": "https://biblehub.com/topical/naves/z/zaccur--a_merarite.htm",
    "Zaccur: A Reubenite": "https://biblehub.com/topical/naves/z/zaccur--a_reubenite.htm",
    "Zaccur: Son of Asaph": "https://biblehub.com/topical/naves/z/zaccur--son_of_asaph.htm",
    "Zaccur: Son of Imri": "https://biblehub.com/topical/naves/z/zaccur--son_of_imri.htm",
    "Zac'cur": "https://biblehub.com/topical/z/zac'cur.htm",
    "Regicide of Zachariah": "https://biblehub.com/topical/naves/r/regicide_of_zachariah.htm",
    "Zachariah": "https://biblehub.com/topical/z/zachariah.htm",
    "Zachariah: Grandfather of Hezekiah": "https://biblehub.com/topical/naves/z/zachariah--grandfather_of_hezekiah.htm",
    "Zachariah: Son of Jeroboam, and the Last of the Household of Jehu": "https://biblehub.com/topical/naves/z/zachariah--son_of_jeroboam,_and_the_last_of_the_household_of_jehu.htm",
    "Zacharias": "https://biblehub.com/topical/z/zacharias.htm",
    "Zacharias (Zechariah): A Man Who Was Killed by the Jews: Referred to by Jesus": "https://biblehub.com/topical/naves/z/zacharias_(zechariah)--a_man_who_was_killed_by_the_jews--referred_to_by_jesus.htm",
    "Zacharias (Zechariah): The Father of John the Baptist": "https://biblehub.com/topical/naves/z/zacharias_(zechariah)--the_father_of_john_the_baptist.htm",
    "Zachary": "https://biblehub.com/topical/z/zachary.htm",
    "Zacher": "https://biblehub.com/topical/z/zacher.htm",
    "Zacher: A Benjamite": "https://biblehub.com/topical/naves/z/zacher--a_benjamite.htm",
    "Zacher: Called Zechariah In": "https://biblehub.com/topical/naves/z/zacher--called_zechariah_in.htm",
    "Zadok": "https://biblehub.com/topical/z/zadok.htm",
    "Zadok: A Man of Valor": "https://biblehub.com/topical/naves/z/zadok--a_man_of_valor.htm",
    "Zadok: A Priest": "https://biblehub.com/topical/naves/z/zadok--a_priest.htm",
    "Zadok: A Returned Exile": "https://biblehub.com/topical/naves/z/zadok--a_returned_exile.htm",
    "Zadok: A Treasurer of the Temple": "https://biblehub.com/topical/naves/z/zadok--a_treasurer_of_the_temple.htm",
    "Zadok: Father of Jerusha": "https://biblehub.com/topical/naves/z/zadok--father_of_jerusha.htm",
    "Zadok: Performs the Function of a High Priest After Abiathar Was Deposed by Solomon": "https://biblehub.com/topical/naves/z/zadok--performs_the_function_of_a_high_priest_after_abiathar_was_deposed_by_solomon.htm",
    "Zadok: Removes the Ark of the Covenant from Jerusalem at the Time of Absalom's Usurpation": "https://biblehub.com/topical/naves/z/zadok--removes_the_ark_of_the_covenant_from_jerusalem_at_the_time_of_absalom's_usurpation.htm",
    "Zadok: Son of Ahitub": "https://biblehub.com/topical/naves/z/zadok--son_of_ahitub.htm",
    "Zadok: Son of Baana": "https://biblehub.com/topical/naves/z/zadok--son_of_baana.htm",
    "Zadok: Son of Meraioth": "https://biblehub.com/topical/naves/z/zadok--son_of_meraioth.htm",
    "Zadok: Stands Aloof from Adonijah at the Time of his Attempted Usurpation": "https://biblehub.com/topical/naves/z/zadok--stands_aloof_from_adonijah_at_the_time_of_his_attempted_usurpation.htm",
    "Zadok: The High Priest During the Time of David's Reign": "https://biblehub.com/topical/naves/z/zadok--the_high_priest_during_the_time_of_david's_reign.htm",
    "Zadok: The High Priest During the Time of David's Reign: Summoned by David to Anoint Solomon to be King": "https://biblehub.com/topical/naves/z/zadok--the_high_priest_during_the_time_of_david's_reign--summoned_by_david_to_anoint_solomon_to_be_king.htm",
    "Zadokites": "https://biblehub.com/topical/z/zadokites.htm",
    "Zadok's": "https://biblehub.com/topical/z/zadok's.htm",
    "Zaham": "https://biblehub.com/topical/z/zaham.htm",
    "Zaham: Grandson of Solomon": "https://biblehub.com/topical/naves/z/zaham--grandson_of_solomon.htm",
    "Zahar": "https://biblehub.com/topical/z/zahar.htm",
    "Zain": "https://biblehub.com/topical/z/zain.htm",
    "Zair": "https://biblehub.com/topical/z/zair.htm",
    "Zair: A City in the Country of: Edom": "https://biblehub.com/topical/naves/z/zair--a_city_in_the_country_of--edom.htm",
    "Za'ir": "https://biblehub.com/topical/z/za'ir.htm",
    "Zaketan": "https://biblehub.com/topical/z/zaketan.htm",
    "Zalaph": "https://biblehub.com/topical/z/zalaph.htm",
    "Zalaph: Father of Hanun": "https://biblehub.com/topical/naves/z/zalaph--father_of_hanun.htm",
    "Zalmon": "https://biblehub.com/topical/z/zalmon.htm",
    "Zalmon or Salmon": "https://biblehub.com/topical/z/zalmon_or_salmon.htm",
    "Zalmon: Also Called Salmon, Probably: A Hill in Samaria": "https://biblehub.com/topical/naves/z/zalmon--also_called_salmon,_probably--a_hill_in_samaria.htm",
    "Zalmon: One of David's Warriors": "https://biblehub.com/topical/naves/z/zalmon--one_of_david's_warriors.htm",
    "Zalmonah": "https://biblehub.com/topical/z/zalmonah.htm",
    "Zalmonah: One of the Camping Places of Israel": "https://biblehub.com/topical/naves/z/zalmonah--one_of_the_camping_places_of_israel.htm",
    "Zalmo'nah": "https://biblehub.com/topical/z/zalmo'nah.htm",
    "Zalmunna": "https://biblehub.com/topical/z/zalmunna.htm",
    "Zalmunna and Zebah": "https://biblehub.com/topical/z/zalmunna_and_zebah.htm",
    "Zalmunna: King of Midian": "https://biblehub.com/topical/naves/z/zalmunna--king_of_midian.htm",
    "Zalmun'na": "https://biblehub.com/topical/z/zalmun'na.htm",
    "Zalmunnah": "https://biblehub.com/topical/z/zalmunnah.htm",
    "Zambis": "https://biblehub.com/topical/z/zambis.htm",
    "Zambri": "https://biblehub.com/topical/z/zambri.htm",
    "Zamoth": "https://biblehub.com/topical/z/zamoth.htm",
    "Zamzummim": "https://biblehub.com/topical/z/zamzummim.htm",
    "Zamzum'mim": "https://biblehub.com/topical/z/zamzum'mim.htm",
    "Zamzummims": "https://biblehub.com/topical/z/zamzummims.htm",
    "Zamzummims: A Race of Giants": "https://biblehub.com/topical/naves/z/zamzummims--a_race_of_giants.htm",
    "Zamzummin": "https://biblehub.com/topical/z/zamzummin.htm",
    "Zamzummites": "https://biblehub.com/topical/z/zamzummites.htm",
    "Zanoah": "https://biblehub.com/topical/z/zanoah.htm",
    "Zanoah: A City of Eastern Judah": "https://biblehub.com/topical/naves/z/zanoah--a_city_of_eastern_judah.htm",
    "Zanoah: A City of Western Judah": "https://biblehub.com/topical/naves/z/zanoah--a_city_of_western_judah.htm",
    "Zanoah: A Descendant of Caleb": "https://biblehub.com/topical/naves/z/zanoah--a_descendant_of_caleb.htm",
    "Zano'ah": "https://biblehub.com/topical/z/zano'ah.htm",
    "Zaphenathpaneah": "https://biblehub.com/topical/z/zaphenathpaneah.htm",
    "Zaphenath-Paneah": "https://biblehub.com/topical/z/zaphenath-paneah.htm",
    "Zaph'enath-pane'ah": "https://biblehub.com/topical/z/zaph'enath-pane'ah.htm",
    "Zaphnathpaaneah": "https://biblehub.com/topical/z/zaphnathpaaneah.htm",
    "Zaphnath-Paaneah": "https://biblehub.com/topical/z/zaphnath-paaneah.htm",
    "Zaphnath-Paaneah: A Name Given to Joseph by Pharaoh": "https://biblehub.com/topical/naves/z/zaphnath-paaneah--a_name_given_to_joseph_by_pharaoh.htm",
    "Zaphon": "https://biblehub.com/topical/z/zaphon.htm",
    "Zaphon: A City in the Territory of the Tribe of Gad": "https://biblehub.com/topical/naves/z/zaphon--a_city_in_the_territory_of_the_tribe_of_gad.htm",
    "Zara": "https://biblehub.com/topical/z/zara.htm",
    "Zara or Zarah": "https://biblehub.com/topical/z/zara_or_zarah.htm",
    "Zara: Son of Judah": "https://biblehub.com/topical/naves/z/zara--son_of_judah.htm",
    "Zaraces": "https://biblehub.com/topical/z/zaraces.htm",
    "Zarah": "https://biblehub.com/topical/z/zarah.htm",
    "Zarah or Zerah": "https://biblehub.com/topical/z/zarah_or_zerah.htm",
    "Zarah: Son of Judah and Tamar": "https://biblehub.com/topical/naves/z/zarah--son_of_judah_and_tamar.htm",
    "Zaraias": "https://biblehub.com/topical/z/zaraias.htm",
    "Zarakes": "https://biblehub.com/topical/z/zarakes.htm",
    "Zardeus": "https://biblehub.com/topical/z/zardeus.htm",
    "Zareah": "https://biblehub.com/topical/z/zareah.htm",
    "Zareah: A City of the Tribe of Judah": "https://biblehub.com/topical/naves/z/zareah--a_city_of_the_tribe_of_judah.htm",
    "Zareathite": "https://biblehub.com/topical/z/zareathite.htm",
    "Zareathites": "https://biblehub.com/topical/z/zareathites.htm",
    "Zared": "https://biblehub.com/topical/z/zared.htm",
    "Zared: A Brook": "https://biblehub.com/topical/naves/z/zared--a_brook.htm",
    "Zarephat": "https://biblehub.com/topical/z/zarephat.htm",
    "Zarephath": "https://biblehub.com/topical/z/zarephath.htm",
    "Zarephath: Called Sarepta (Av) In": "https://biblehub.com/topical/naves/z/zarephath--called_sarepta_(av)_in.htm",
    "Zarephath: Elijah Performs Two Miracles In": "https://biblehub.com/topical/naves/z/zarephath--elijah_performs_two_miracles_in.htm",
    "Zar'ephath": "https://biblehub.com/topical/z/zar'ephath.htm",
    "Zaretan": "https://biblehub.com/topical/z/zaretan.htm",
    "Zaretan or Zarthan": "https://biblehub.com/topical/z/zaretan_or_zarthan.htm",
    "Zaretan: A City of Uncertain Location": "https://biblehub.com/topical/naves/z/zaretan--a_city_of_uncertain_location.htm",
    "Zarethan": "https://biblehub.com/topical/z/zarethan.htm",
    "Zar'ethan": "https://biblehub.com/topical/z/zar'ethan.htm",
    "Zarethshahar": "https://biblehub.com/topical/z/zarethshahar.htm",
    "Zareth-shahar": "https://biblehub.com/topical/z/zareth-shahar.htm",
    "Zareth-Shahar: A City in the Territory of the Tribe of Reuben": "https://biblehub.com/topical/naves/z/zareth-shahar--a_city_in_the_territory_of_the_tribe_of_reuben.htm",
    "Zarezthshahar": "https://biblehub.com/topical/z/zarezthshahar.htm",
    "Zarezth-Shahar": "https://biblehub.com/topical/z/zarezth-shahar.htm",
    "Zarhite": "https://biblehub.com/topical/z/zarhite.htm",
    "Zarhites": "https://biblehub.com/topical/z/zarhites.htm",
    "Zartanah": "https://biblehub.com/topical/z/zartanah.htm",
    "Zarthan": "https://biblehub.com/topical/z/zarthan.htm",
    "Zathoes": "https://biblehub.com/topical/z/zathoes.htm",
    "Zathui": "https://biblehub.com/topical/z/zathui.htm",
    "Zatthu": "https://biblehub.com/topical/z/zatthu.htm",
    "Zattu": "https://biblehub.com/topical/z/zattu.htm",
    "Zattu: One Whose Descendants Returned With Zerubbabel": "https://biblehub.com/topical/naves/z/zattu--one_whose_descendants_returned_with_zerubbabel.htm",
    "Zattu: Probably Identical With Zatthu: One Who Sealed the Covenant With Nehemiah": "https://biblehub.com/topical/naves/z/zattu--probably_identical_with_zatthu--one_who_sealed_the_covenant_with_nehemiah.htm",
    "Zavan": "https://biblehub.com/topical/z/zavan.htm",
    "Zayin": "https://biblehub.com/topical/z/zayin.htm",
    "Zaza": "https://biblehub.com/topical/z/zaza.htm",
    "Zaza: Son of Jonathan": "https://biblehub.com/topical/naves/z/zaza--son_of_jonathan.htm",
    "Religious Zeal in Punishing Evil People: David": "https://biblehub.com/topical/naves/r/religious_zeal_in_punishing_evil_people--david.htm",
    "Religious Zeal in Punishing Evil People: Elijah": "https://biblehub.com/topical/naves/r/religious_zeal_in_punishing_evil_people--elijah.htm",
    "Religious Zeal in Punishing Evil People: Israelites": "https://biblehub.com/topical/naves/r/religious_zeal_in_punishing_evil_people--israelites.htm",
    "Religious Zeal in Punishing Evil People: Jehoiada": "https://biblehub.com/topical/naves/r/religious_zeal_in_punishing_evil_people--jehoiada.htm",
    "Religious Zeal in Punishing Evil People: Jehu": "https://biblehub.com/topical/naves/r/religious_zeal_in_punishing_evil_people--jehu.htm",
    "Religious Zeal in Punishing Evil People: Josiah": "https://biblehub.com/topical/naves/r/religious_zeal_in_punishing_evil_people--josiah.htm",
    "Religious Zeal in Punishing Evil People: Moses and Levites": "https://biblehub.com/topical/naves/r/religious_zeal_in_punishing_evil_people--moses_and_levites.htm",
    "Religious Zeal in Punishing Evil People: Phinehas": "https://biblehub.com/topical/naves/r/religious_zeal_in_punishing_evil_people--phinehas.htm",
    "Religious Zeal in Punishing Evil People: Samuel": "https://biblehub.com/topical/naves/r/religious_zeal_in_punishing_evil_people--samuel.htm",
    "Religious Zeal without Knowledge": "https://biblehub.com/topical/naves/r/religious_zeal_without_knowledge.htm",
    "Religious Zeal: Andrew and Philip": "https://biblehub.com/topical/naves/r/religious_zeal--andrew_and_philip.htm",
    "Religious Zeal: Anna": "https://biblehub.com/topical/naves/r/religious_zeal--anna.htm",
    "Religious Zeal: Asa": "https://biblehub.com/topical/naves/r/religious_zeal--asa.htm",
    "Religious Zeal: Elijah": "https://biblehub.com/topical/naves/r/religious_zeal--elijah.htm",
    "Religious Zeal: Ephesians": "https://biblehub.com/topical/naves/r/religious_zeal--ephesians.htm",
    "Religious Zeal: Exemplified": "https://biblehub.com/topical/naves/r/religious_zeal--exemplified.htm",
    "Religious Zeal: Exemplified by Paul": "https://biblehub.com/topical/naves/r/religious_zeal--exemplified_by_paul.htm",
    "Religious Zeal: Ezra": "https://biblehub.com/topical/naves/r/religious_zeal--ezra.htm",
    "Religious Zeal: General Scriptures Concerning": "https://biblehub.com/topical/naves/r/religious_zeal--general_scriptures_concerning.htm",
    "Religious Zeal: Gideon": "https://biblehub.com/topical/naves/r/religious_zeal--gideon.htm",
    "Religious Zeal: Jehoash": "https://biblehub.com/topical/naves/r/religious_zeal--jehoash.htm",
    "Religious Zeal: Jehoiada": "https://biblehub.com/topical/naves/r/religious_zeal--jehoiada.htm",
    "Religious Zeal: Jehu": "https://biblehub.com/topical/naves/r/religious_zeal--jehu.htm",
    "Religious Zeal: Jephthah": "https://biblehub.com/topical/naves/r/religious_zeal--jephthah.htm",
    "Religious Zeal: Jeremiah": "https://biblehub.com/topical/naves/r/religious_zeal--jeremiah.htm",
    "Religious Zeal: Joshua": "https://biblehub.com/topical/naves/r/religious_zeal--joshua.htm",
    "Religious Zeal: Josiah": "https://biblehub.com/topical/naves/r/religious_zeal--josiah.htm",
    "Religious Zeal: King David": "https://biblehub.com/topical/naves/r/religious_zeal--king_david.htm",
    "Religious Zeal: King Saul": "https://biblehub.com/topical/naves/r/religious_zeal--king_saul.htm",
    "Religious Zeal: Moses": "https://biblehub.com/topical/naves/r/religious_zeal--moses.htm",
    "Religious Zeal: Nehemiah": "https://biblehub.com/topical/naves/r/religious_zeal--nehemiah.htm",
    "Religious Zeal: Obadiah": "https://biblehub.com/topical/naves/r/religious_zeal--obadiah.htm",
    "Religious Zeal: Paul and Barnabas": "https://biblehub.com/topical/naves/r/religious_zeal--paul_and_barnabas.htm",
    "Religious Zeal: Peter": "https://biblehub.com/topical/naves/r/religious_zeal--peter.htm",
    "Religious Zeal: Peter Rebuking Jesus": "https://biblehub.com/topical/naves/r/religious_zeal--peter_rebuking_jesus.htm",
    "Religious Zeal: Phinehas": "https://biblehub.com/topical/naves/r/religious_zeal--phinehas.htm",
    "Religious Zeal: Phoebe": "https://biblehub.com/topical/naves/r/religious_zeal--phoebe.htm",
    "Religious Zeal: Priests": "https://biblehub.com/topical/naves/r/religious_zeal--priests.htm",
    "Religious Zeal: Samuel": "https://biblehub.com/topical/naves/r/religious_zeal--samuel.htm",
    "Religious Zeal: Shepherds": "https://biblehub.com/topical/naves/r/religious_zeal--shepherds.htm",
    "Religious Zeal: The Healed Deaf-Mute Man": "https://biblehub.com/topical/naves/r/religious_zeal--the_healed_deaf-mute_man.htm",
    "Religious Zeal: The Restored Leper": "https://biblehub.com/topical/naves/r/religious_zeal--the_restored_leper.htm",
    "Religious Zeal: Two Blind Men Proclaiming the Miracle of Healing": "https://biblehub.com/topical/naves/r/religious_zeal--two_blind_men_proclaiming_the_miracle_of_healing.htm",
    "Zeal": "https://biblehub.com/topical/z/zeal.htm",
    "Zeal of Saints, Ardent": "https://biblehub.com/topical/ttt/z/zeal_of_saints,_ardent.htm",
    "Zeal: Christ an Example of": "https://biblehub.com/topical/ttt/z/zeal--christ_an_example_of.htm",
    "Zeal: Exhortation To": "https://biblehub.com/topical/ttt/z/zeal--exhortation_to.htm",
    "Zeal: Godly Sorrow Leads To": "https://biblehub.com/topical/ttt/z/zeal--godly_sorrow_leads_to.htm",
    "Zeal: Holy: Apollos": "https://biblehub.com/topical/ttt/z/zeal--holy--apollos.htm",
    "Zeal: Holy: Corinthians": "https://biblehub.com/topical/ttt/z/zeal--holy--corinthians.htm",
    "Zeal: Holy: Epaphras": "https://biblehub.com/topical/ttt/z/zeal--holy--epaphras.htm",
    "Zeal: Holy: Josiah": "https://biblehub.com/topical/ttt/z/zeal--holy--josiah.htm",
    "Zeal: Holy: Phinehas": "https://biblehub.com/topical/ttt/z/zeal--holy--phinehas.htm",
    "Zeal: Provokes Others to do Good": "https://biblehub.com/topical/ttt/z/zeal--provokes_others_to_do_good.htm",
    "Zeal: should be Exhibited for the Glory of God": "https://biblehub.com/topical/ttt/z/zeal--should_be_exhibited_for_the_glory_of_god.htm",
    "Zeal: should be Exhibited for the Welfare of Saints": "https://biblehub.com/topical/ttt/z/zeal--should_be_exhibited_for_the_welfare_of_saints.htm",
    "Zeal: should be Exhibited in Contending for the Faith": "https://biblehub.com/topical/ttt/z/zeal--should_be_exhibited_in_contending_for_the_faith.htm",
    "Zeal: should be Exhibited in Desiring the Salvation of Others": "https://biblehub.com/topical/ttt/z/zeal--should_be_exhibited_in_desiring_the_salvation_of_others.htm",
    "Zeal: should be Exhibited in Missionary Labours": "https://biblehub.com/topical/ttt/z/zeal--should_be_exhibited_in_missionary_labours.htm",
    "Zeal: should be Exhibited in Spirit": "https://biblehub.com/topical/ttt/z/zeal--should_be_exhibited_in_spirit.htm",
    "Zeal: should be Exhibited in Well-Doing": "https://biblehub.com/topical/ttt/z/zeal--should_be_exhibited_in_well-doing.htm",
    "Zeal: should be Exhibited: Against Idolatry": "https://biblehub.com/topical/ttt/z/zeal--should_be_exhibited--against_idolatry.htm",
    "Zeal: Sometimes not According to Knowledge": "https://biblehub.com/topical/ttt/z/zeal--sometimes_not_according_to_knowledge.htm",
    "Zeal: Sometimes Wrongly Directed": "https://biblehub.com/topical/ttt/z/zeal--sometimes_wrongly_directed.htm",
    "Zeal: Ungodly Men Sometimes Pretend To": "https://biblehub.com/topical/ttt/z/zeal--ungodly_men_sometimes_pretend_to.htm",
    "Zealot": "https://biblehub.com/topical/z/zealot.htm",
    "Zealots": "https://biblehub.com/topical/z/zealots.htm",
    "Zealous": "https://biblehub.com/topical/z/zealous.htm",
    "Zealously": "https://biblehub.com/topical/z/zealously.htm",
    "Zealousness": "https://biblehub.com/topical/z/zealousness.htm",
    "Zebab": "https://biblehub.com/topical/z/zebab.htm",
    "Zebadiah": "https://biblehub.com/topical/z/zebadiah.htm",
    "Zebadiah: A Korhite Porter in the Temple": "https://biblehub.com/topical/naves/z/zebadiah--a_korhite_porter_in_the_temple.htm",
    "Zebadiah: A Priest Who Defiled Himself by Marrying an Idolatrous Woman": "https://biblehub.com/topical/naves/z/zebadiah--a_priest_who_defiled_himself_by_marrying_an_idolatrous_woman.htm",
    "Zebadiah: An Israelite Who Joined David at Ziklag": "https://biblehub.com/topical/naves/z/zebadiah--an_israelite_who_joined_david_at_ziklag.htm",
    "Zebadiah: An Itinerant Levite Teacher": "https://biblehub.com/topical/naves/z/zebadiah--an_itinerant_levite_teacher.htm",
    "Zebadiah: Son of Asahel": "https://biblehub.com/topical/naves/z/zebadiah--son_of_asahel.htm",
    "Zebadiah: Son of Ishmael and Counselor of the King": "https://biblehub.com/topical/naves/z/zebadiah--son_of_ishmael_and_counselor_of_the_king.htm",
    "Zebadiah: Son of Shephaniah": "https://biblehub.com/topical/naves/z/zebadiah--son_of_shephaniah.htm",
    "Zebadiah: Two Benjamites": "https://biblehub.com/topical/naves/z/zebadiah--two_benjamites.htm",
    "Zebadi'ah": "https://biblehub.com/topical/z/zebadi'ah.htm",
    "Zebah": "https://biblehub.com/topical/z/zebah.htm",
    "Zebah and Zalmunna": "https://biblehub.com/topical/z/zebah_and_zalmunna.htm",
    "Zebah: King of Midian": "https://biblehub.com/topical/naves/z/zebah--king_of_midian.htm",
    "Zebaim": "https://biblehub.com/topical/z/zebaim.htm",
    "Zebaim: A Place Whose Exact Location is Unknown": "https://biblehub.com/topical/naves/z/zebaim--a_place_whose_exact_location_is_unknown.htm",
    "Zebedee": "https://biblehub.com/topical/z/zebedee.htm",
    "Zebedee: Father of James and John (Nicknamed \"Boanerges\")": "https://biblehub.com/topical/naves/z/zebedee--father_of_james_and_john_(nicknamed_boanerges).htm",
    "Zeb'edee": "https://biblehub.com/topical/z/zeb'edee.htm",
    "Zebedees": "https://biblehub.com/topical/z/zebedees.htm",
    "Zebedee's": "https://biblehub.com/topical/z/zebedee's.htm",
    "Zebidah": "https://biblehub.com/topical/z/zebidah.htm",
    "Zebi'dah": "https://biblehub.com/topical/z/zebi'dah.htm",
    "Zebina": "https://biblehub.com/topical/z/zebina.htm",
    "Zebina: Son of Nebo": "https://biblehub.com/topical/naves/z/zebina--son_of_nebo.htm",
    "Zebi'na": "https://biblehub.com/topical/z/zebi'na.htm",
    "Zeboiim": "https://biblehub.com/topical/z/zeboiim.htm",
    "Zeboi'im": "https://biblehub.com/topical/z/zeboi'im.htm",
    "Zeboim": "https://biblehub.com/topical/z/zeboim.htm",
    "Zeboim: A City and Valley in Benjamin": "https://biblehub.com/topical/naves/z/zeboim--a_city_and_valley_in_benjamin.htm",
    "Zeboim: Also Called Zeboiim: One of the Cities in the Valley of Siddim": "https://biblehub.com/topical/naves/z/zeboim--also_called_zeboiim--one_of_the_cities_in_the_valley_of_siddim.htm",
    "Zebo'im": "https://biblehub.com/topical/z/zebo'im.htm",
    "Zebub": "https://biblehub.com/topical/z/zebub.htm",
    "Zebudah": "https://biblehub.com/topical/z/zebudah.htm",
    "Zebudah: Wife of Josiah, King of Judah": "https://biblehub.com/topical/naves/z/zebudah--wife_of_josiah,_king_of_judah.htm",
    "Zebuddah": "https://biblehub.com/topical/z/zebuddah.htm",
    "Zebul": "https://biblehub.com/topical/z/zebul.htm",
    "Zebul: An officer of Abimelech": "https://biblehub.com/topical/naves/z/zebul--an_officer_of_abimelech.htm",
    "Zebulonite": "https://biblehub.com/topical/z/zebulonite.htm",
    "Patriotism: The Tribes of Zebulun and Naphtali": "https://biblehub.com/topical/naves/p/patriotism--the_tribes_of_zebulun_and_naphtali.htm",
    "the Tribe of Zebulun: A Naval and Commercial People": "https://biblehub.com/topical/ttt/t/the_tribe_of_zebulun--a_naval_and_commercial_people.htm",
    "the Tribe of Zebulun: Aided Gideon Against the Army of the Midianites": "https://biblehub.com/topical/ttt/t/the_tribe_of_zebulun--aided_gideon_against_the_army_of_the_midianites.htm",
    "the Tribe of Zebulun: Bounds of Their Inheritance": "https://biblehub.com/topical/ttt/t/the_tribe_of_zebulun--bounds_of_their_inheritance.htm",
    "the Tribe of Zebulun: Country of, Blessed With the Presence and Instruction of": "https://biblehub.com/topical/ttt/t/the_tribe_of_zebulun--country_of,_blessed_with_the_presence_and_instruction_of.htm",
    "the Tribe of Zebulun: Descended from Jacob's Sixth Son": "https://biblehub.com/topical/ttt/t/the_tribe_of_zebulun--descended_from_jacob's_sixth_son.htm",
    "the Tribe of Zebulun: Encamped Under the Standard of Judah, East of the Tabernacle": "https://biblehub.com/topical/ttt/t/the_tribe_of_zebulun--encamped_under_the_standard_of_judah,_east_of_the_tabernacle.htm",
    "the Tribe of Zebulun: Families of": "https://biblehub.com/topical/ttt/t/the_tribe_of_zebulun--families_of.htm",
    "the Tribe of Zebulun: Formed the Rear of the First Division of the Army of Israel": "https://biblehub.com/topical/ttt/t/the_tribe_of_zebulun--formed_the_rear_of_the_first_division_of_the_army_of_israel.htm",
    "the Tribe of Zebulun: Furnished a Judge to Israel": "https://biblehub.com/topical/ttt/t/the_tribe_of_zebulun--furnished_a_judge_to_israel.htm",
    "the Tribe of Zebulun: Furnished Scribes or Writers to Israel": "https://biblehub.com/topical/ttt/t/the_tribe_of_zebulun--furnished_scribes_or_writers_to_israel.htm",
    "the Tribe of Zebulun: Offering of, at the Dedication": "https://biblehub.com/topical/ttt/t/the_tribe_of_zebulun--offering_of,_at_the_dedication.htm",
    "the Tribe of Zebulun: Officer Appointed Over by David": "https://biblehub.com/topical/ttt/t/the_tribe_of_zebulun--officer_appointed_over_by_david.htm",
    "the Tribe of Zebulun: On Ebal Said Amen to the Curses": "https://biblehub.com/topical/ttt/t/the_tribe_of_zebulun--on_ebal_said_amen_to_the_curses.htm",
    "the Tribe of Zebulun: Only some of, Assisted in Hezekiah's Reformation": "https://biblehub.com/topical/ttt/t/the_tribe_of_zebulun--only_some_of,_assisted_in_hezekiah's_reformation.htm",
    "the Tribe of Zebulun: Persons Selected From: To Divide the Land": "https://biblehub.com/topical/ttt/t/the_tribe_of_zebulun--persons_selected_from--to_divide_the_land.htm",
    "the Tribe of Zebulun: Persons Selected From: To Number the People": "https://biblehub.com/topical/ttt/t/the_tribe_of_zebulun--persons_selected_from--to_number_the_people.htm",
    "the Tribe of Zebulun: Persons Selected From: To Spy out the Land": "https://biblehub.com/topical/ttt/t/the_tribe_of_zebulun--persons_selected_from--to_spy_out_the_land.htm",
    "the Tribe of Zebulun: Praised for Assisting Deborah and Barak in Opposing Sisera": "https://biblehub.com/topical/ttt/t/the_tribe_of_zebulun--praised_for_assisting_deborah_and_barak_in_opposing_sisera.htm",
    "the Tribe of Zebulun: Predictions Respecting": "https://biblehub.com/topical/ttt/t/the_tribe_of_zebulun--predictions_respecting.htm",
    "the Tribe of Zebulun: some of, at David's Coronation": "https://biblehub.com/topical/ttt/t/the_tribe_of_zebulun--some_of,_at_david's_coronation.htm",
    "the Tribe of Zebulun: Strength of, on Entering Canaan": "https://biblehub.com/topical/ttt/t/the_tribe_of_zebulun--strength_of,_on_entering_canaan.htm",
    "the Tribe of Zebulun: Strength of, on Leaving Egypt": "https://biblehub.com/topical/ttt/t/the_tribe_of_zebulun--strength_of,_on_leaving_egypt.htm",
    "the Tribe of Zebulun: Unable to Drive out the Canaanites from Their Cities, But": "https://biblehub.com/topical/ttt/t/the_tribe_of_zebulun--unable_to_drive_out_the_canaanites_from_their_cities,_but.htm",
    "Tribe of Zebulun with Barak Against Sisera": "https://biblehub.com/topical/naves/t/tribe_of_zebulun_with_barak_against_sisera.htm",
    "Tribe of Zebulun with David when Made King Over Israel": "https://biblehub.com/topical/naves/t/tribe_of_zebulun_with_david_when_made_king_over_israel.htm",
    "Tribe of Zebulun with Gideon Against the Midianites": "https://biblehub.com/topical/naves/t/tribe_of_zebulun_with_gideon_against_the_midianites.htm",
    "Tribe of Zebulun: Aboriginal Inhabitants of the Territory of, not Expelled": "https://biblehub.com/topical/naves/t/tribe_of_zebulun--aboriginal_inhabitants_of_the_territory_of,_not_expelled.htm",
    "Tribe of Zebulun: Conquest of, by Tiglath-Pileser; Carried Away to Assyria Into Captivity": "https://biblehub.com/topical/naves/t/tribe_of_zebulun--conquest_of,_by_tiglath-pileser;_carried_away_to_assyria_into_captivity.htm",
    "Tribe of Zebulun: Jesus Lived in the Land of": "https://biblehub.com/topical/naves/t/tribe_of_zebulun--jesus_lived_in_the_land_of.htm",
    "Tribe of Zebulun: Joins With Hezekiah in Renewing the Passover": "https://biblehub.com/topical/naves/t/tribe_of_zebulun--joins_with_hezekiah_in_renewing_the_passover.htm",
    "Tribe of Zebulun: Levitical Cities of": "https://biblehub.com/topical/naves/t/tribe_of_zebulun--levitical_cities_of.htm",
    "Tribe of Zebulun: Moses' Benediction Upon": "https://biblehub.com/topical/naves/t/tribe_of_zebulun--moses'_benediction_upon.htm",
    "Tribe of Zebulun: Place of, in Marching and Camping": "https://biblehub.com/topical/naves/t/tribe_of_zebulun--place_of,_in_marching_and_camping.htm",
    "Tribe of Zebulun: Territory Awarded To": "https://biblehub.com/topical/naves/t/tribe_of_zebulun--territory_awarded_to.htm",
    "Tribe of Zebulun: Twelve Thousand Sealed": "https://biblehub.com/topical/naves/t/tribe_of_zebulun--twelve_thousand_sealed.htm",
    "Zebulun": "https://biblehub.com/topical/z/zebulun.htm",
    "Zebulun: Son of Jacob and Leah": "https://biblehub.com/topical/naves/z/zebulun--son_of_jacob_and_leah.htm",
    "Zebulun: Son of Jacob and Leah: Descendants of": "https://biblehub.com/topical/naves/z/zebulun--son_of_jacob_and_leah--descendants_of.htm",
    "Zeb'ulun": "https://biblehub.com/topical/z/zeb'ulun.htm",
    "Zebulunite": "https://biblehub.com/topical/z/zebulunite.htm",
    "Zeb'ulunite": "https://biblehub.com/topical/z/zeb'ulunite.htm",
    "Zebulunites": "https://biblehub.com/topical/z/zebulunites.htm",
    "Zeb'ulunites": "https://biblehub.com/topical/z/zeb'ulunites.htm",
    "Zebulun's": "https://biblehub.com/topical/z/zebulun's.htm",
    "Zechariah": "https://biblehub.com/topical/z/zechariah.htm",
    "Zechariah (Zecharias): A Benjamite": "https://biblehub.com/topical/naves/z/zechariah_(zecharias)--a_benjamite.htm",
    "Zechariah (Zecharias): A Benjamite: Called Zacher In": "https://biblehub.com/topical/naves/z/zechariah_(zecharias)--a_benjamite--called_zacher_in.htm",
    "Zechariah (Zecharias): A Levite During the Reign of Hezekiah": "https://biblehub.com/topical/naves/z/zechariah_(zecharias)--a_levite_during_the_reign_of_hezekiah.htm",
    "Zechariah (Zecharias): A Levite, and Father of Jahaziel": "https://biblehub.com/topical/naves/z/zechariah_(zecharias)--a_levite,_and_father_of_jahaziel.htm",
    "Zechariah (Zecharias): A Merarite Porter in the Temple": "https://biblehub.com/topical/naves/z/zechariah_(zecharias)--a_merarite_porter_in_the_temple.htm",
    "Zechariah (Zecharias): A Priest and Temple Musician": "https://biblehub.com/topical/naves/z/zechariah_(zecharias)--a_priest_and_temple_musician.htm",
    "Zechariah (Zecharias): A Prophet During the Reign of Uzziah": "https://biblehub.com/topical/naves/z/zechariah_(zecharias)--a_prophet_during_the_reign_of_uzziah.htm",
    "Zechariah (Zecharias): A Reubenite": "https://biblehub.com/topical/naves/z/zechariah_(zecharias)--a_reubenite.htm",
    "Zechariah (Zecharias): A Ruler of the Temple": "https://biblehub.com/topical/naves/z/zechariah_(zecharias)--a_ruler_of_the_temple.htm",
    "Zechariah (Zecharias): Father of Iddo": "https://biblehub.com/topical/naves/z/zechariah_(zecharias)--father_of_iddo.htm",
    "Zechariah (Zecharias): Name of Various Jews After the Captivity": "https://biblehub.com/topical/naves/z/zechariah_(zecharias)--name_of_various_jews_after_the_captivity.htm",
    "Zechariah (Zecharias): Perhaps Identical With Number Eleven Above": "https://biblehub.com/topical/naves/z/zechariah_(zecharias)--perhaps_identical_with_number_eleven_above.htm",
    "Zechariah (Zecharias): Son of Jehoshaphat": "https://biblehub.com/topical/naves/z/zechariah_(zecharias)--son_of_jehoshaphat.htm",
    "Zechariah (Zecharias): The Prophet: Probably the Priest Mentioned In": "https://biblehub.com/topical/naves/z/zechariah_(zecharias)--the_prophet--probably_the_priest_mentioned_in.htm",
    "Zechariah (Zecharias): The Prophet: Prophesied During the Reign of Darius": "https://biblehub.com/topical/naves/z/zechariah_(zecharias)--the_prophet--prophesied_during_the_reign_of_darius.htm",
    "Zechariah (Zecharias): The Prophet: Son of Berechiah": "https://biblehub.com/topical/naves/z/zechariah_(zecharias)--the_prophet--son_of_berechiah.htm",
    "Zechariah (Zecharias): Three Levites in the Days of David": "https://biblehub.com/topical/naves/z/zechariah_(zecharias)--three_levites_in_the_days_of_david.htm",
    "Zechariah (Zecharias): Two Chiefs Who Returned With Ezra": "https://biblehub.com/topical/naves/z/zechariah_(zecharias)--two_chiefs_who_returned_with_ezra.htm",
    "Zechariah (Zecharias): Two Kohathites": "https://biblehub.com/topical/naves/z/zechariah_(zecharias)--two_kohathites.htm",
    "Zechariah : A Prince Sent by Jehoshaphat Along With Priests and Levites to Teach in the Cities": "https://biblehub.com/topical/naves/z/zechariah_--a_prince_sent_by_jehoshaphat_along_with_priests_and_levites_to_teach_in_the_cities.htm",
    "Zechariah : High Priest, and Son or Grandson of Jehoiada: Put to Death for Prophesying Against Jerusalem": "https://biblehub.com/topical/naves/z/zechariah_--high_priest,_and_son_or_grandson_of_jehoiada--put_to_death_for_prophesying_against_jerusalem.htm",
    "Zechari'ah": "https://biblehub.com/topical/z/zechari'ah.htm",
    "Zech-ari'ah": "https://biblehub.com/topical/z/zech-ari'ah.htm",
    "Zechariah's": "https://biblehub.com/topical/z/zechariah's.htm",
    "Zechari'ah's": "https://biblehub.com/topical/z/zechari'ah's.htm",
    "Zecher": "https://biblehub.com/topical/z/zecher.htm",
    "Zechrias": "https://biblehub.com/topical/z/zechrias.htm",
    "Zedad": "https://biblehub.com/topical/z/zedad.htm",
    "Zedad: A Place Near Hamath": "https://biblehub.com/topical/naves/z/zedad--a_place_near_hamath.htm",
    "Zedechias": "https://biblehub.com/topical/z/zedechias.htm",
    "Zeded": "https://biblehub.com/topical/z/zeded.htm",
    "Zedekiah": "https://biblehub.com/topical/z/zedekiah.htm",
    "Zedekiah: A False Prophet": "https://biblehub.com/topical/naves/z/zedekiah--a_false_prophet.htm",
    "Zedekiah: A False Prophet: Strikes Micaiah, the True Prophet": "https://biblehub.com/topical/naves/z/zedekiah--a_false_prophet--strikes_micaiah,_the_true_prophet.htm",
    "Zedekiah: A Prince of Judah": "https://biblehub.com/topical/naves/z/zedekiah--a_prince_of_judah.htm",
    "Zedekiah: Grandson of Jehoiakim": "https://biblehub.com/topical/naves/z/zedekiah--grandson_of_jehoiakim.htm",
    "Zedekiah: Made King of Judah by Nebuchadnezzar": "https://biblehub.com/topical/naves/z/zedekiah--made_king_of_judah_by_nebuchadnezzar.htm",
    "Zedekiah: Made King of Judah by Nebuchadnezzar by Ezekiel": "https://biblehub.com/topical/naves/z/zedekiah--made_king_of_judah_by_nebuchadnezzar_by_ezekiel.htm",
    "Zedekiah: Made King of Judah by Nebuchadnezzar by Jeremiah": "https://biblehub.com/topical/naves/z/zedekiah--made_king_of_judah_by_nebuchadnezzar_by_jeremiah.htm",
    "Zedekiah: Made King of Judah by Nebuchadnezzar: Forms an Alliance With the King of Egypt": "https://biblehub.com/topical/naves/z/zedekiah--made_king_of_judah_by_nebuchadnezzar--forms_an_alliance_with_the_king_of_egypt.htm",
    "Zedekiah: Made King of Judah by Nebuchadnezzar: Imprisons Jeremiah on Account of his Denunciations": "https://biblehub.com/topical/naves/z/zedekiah--made_king_of_judah_by_nebuchadnezzar--imprisons_jeremiah_on_account_of_his_denunciations.htm",
    "Zedekiah: Made King of Judah by Nebuchadnezzar: Seeks the Intercession of Jeremiah With God on his Behalf": "https://biblehub.com/topical/naves/z/zedekiah--made_king_of_judah_by_nebuchadnezzar--seeks_the_intercession_of_jeremiah_with_god_on_his_behalf.htm",
    "Zedekiah: Made King of Judah by Nebuchadnezzar: The Evil Reign of": "https://biblehub.com/topical/naves/z/zedekiah--made_king_of_judah_by_nebuchadnezzar--the_evil_reign_of.htm",
    "Zedekiah: Made King of Judah by Nebuchadnezzar: Throws off his Allegiance to Nebuchadnezzar": "https://biblehub.com/topical/naves/z/zedekiah--made_king_of_judah_by_nebuchadnezzar--throws_off_his_allegiance_to_nebuchadnezzar.htm",
    "Zedekiah: Nebuchadnezzar Destroys the City and Temple": "https://biblehub.com/topical/naves/z/zedekiah--nebuchadnezzar_destroys_the_city_and_temple.htm",
    "Zedekiah: Prophesies to Ahab That he Will be Victorious Over the Syrians, Instead of Being Defeated": "https://biblehub.com/topical/naves/z/zedekiah--prophesies_to_ahab_that_he_will_be_victorious_over_the_syrians,_instead_of_being_defeated.htm",
    "Zedeki'ah": "https://biblehub.com/topical/z/zedeki'ah.htm",
    "Zedekiah's": "https://biblehub.com/topical/z/zedekiah's.htm",
    "Zeeb": "https://biblehub.com/topical/z/zeeb.htm",
    "Zeeb: A Prince of Midian": "https://biblehub.com/topical/naves/z/zeeb--a_prince_of_midian.htm",
    "Zeker": "https://biblehub.com/topical/z/zeker.htm",
    "Zela": "https://biblehub.com/topical/z/zela.htm",
    "Zelah": "https://biblehub.com/topical/z/zelah.htm",
    "Zelah: Saul Buried In": "https://biblehub.com/topical/naves/z/zelah--saul_buried_in.htm",
    "Zelek": "https://biblehub.com/topical/z/zelek.htm",
    "Zelek: An Ammonite": "https://biblehub.com/topical/naves/z/zelek--an_ammonite.htm",
    "Zelok": "https://biblehub.com/topical/z/zelok.htm",
    "Zelophehad": "https://biblehub.com/topical/z/zelophehad.htm",
    "Zelophehad: His Daughters Petition for his Inheritance": "https://biblehub.com/topical/naves/z/zelophehad--his_daughters_petition_for_his_inheritance.htm",
    "Zeloph'ehad": "https://biblehub.com/topical/z/zeloph'ehad.htm",
    "Zelophehad's": "https://biblehub.com/topical/z/zelophehad's.htm",
    "Zelotes": "https://biblehub.com/topical/z/zelotes.htm",
    "Zelzah": "https://biblehub.com/topical/z/zelzah.htm",
    "Zelzah: A City of the Territory of the Tribe of Benjamin": "https://biblehub.com/topical/naves/z/zelzah--a_city_of_the_territory_of_the_tribe_of_benjamin.htm",
    "Zemaraim": "https://biblehub.com/topical/z/zemaraim.htm",
    "Zemaraim: A City of the Tribe of Benjamin": "https://biblehub.com/topical/naves/z/zemaraim--a_city_of_the_tribe_of_benjamin.htm",
    "Zemaraim: A Part of Mount Ephraim": "https://biblehub.com/topical/naves/z/zemaraim--a_part_of_mount_ephraim.htm",
    "Zemara'im": "https://biblehub.com/topical/z/zemara'im.htm",
    "Zemarite": "https://biblehub.com/topical/z/zemarite.htm",
    "Zemarites": "https://biblehub.com/topical/z/zemarites.htm",
    "Zemarites: A Tribe That Descended from Canaan": "https://biblehub.com/topical/naves/z/zemarites--a_tribe_that_descended_from_canaan.htm",
    "Zem'arites": "https://biblehub.com/topical/z/zem'arites.htm",
    "Zemer": "https://biblehub.com/topical/z/zemer.htm",
    "Zemira": "https://biblehub.com/topical/z/zemira.htm",
    "Zemira: A Son of Becher": "https://biblehub.com/topical/naves/z/zemira--a_son_of_becher.htm",
    "Zemirah": "https://biblehub.com/topical/z/zemirah.htm",
    "Zemi'rah": "https://biblehub.com/topical/z/zemi'rah.htm",
    "Zenan": "https://biblehub.com/topical/z/zenan.htm",
    "Zenan: A City of the Territory of the Tribe of Judah": "https://biblehub.com/topical/naves/z/zenan--a_city_of_the_territory_of_the_tribe_of_judah.htm",
    "Zenas": "https://biblehub.com/topical/z/zenas.htm",
    "Zenas: A Christian Believer and Lawyer": "https://biblehub.com/topical/naves/z/zenas--a_christian_believer_and_lawyer.htm",
    "Zendavesta": "https://biblehub.com/topical/z/zendavesta.htm",
    "Zend-Avesta": "https://biblehub.com/topical/z/zend-avesta.htm",
    "Sent by the King to Jeremiah With a Message Soliciting the Prophet's Intercession and Prayers": "https://biblehub.com/topical/naves/s/sent_by_the_king_to_jeremiah_with_a_message_soliciting_the_prophet's_intercession_and_prayers.htm",
    "Zephaniah": "https://biblehub.com/topical/z/zephaniah.htm",
    "Zephaniah: A Kohathite": "https://biblehub.com/topical/naves/z/zephaniah--a_kohathite.htm",
    "Zephaniah: A Priest in the Reign of Zedekiah, King of Judah: Shows Jeremiah the False Prophet's Letter": "https://biblehub.com/topical/naves/z/zephaniah--a_priest_in_the_reign_of_zedekiah,_king_of_judah--shows_jeremiah_the_false_prophet's_letter.htm",
    "Zephaniah: A Priest in the Reign of Zedekiah, King of Judah: Taken to Riblah and Killed": "https://biblehub.com/topical/naves/z/zephaniah--a_priest_in_the_reign_of_zedekiah,_king_of_judah--taken_to_riblah_and_killed.htm",
    "Zephaniah: A Prophet in the Days of Josiah": "https://biblehub.com/topical/naves/z/zephaniah--a_prophet_in_the_days_of_josiah.htm",
    "Zephaniah: Father of Josiah": "https://biblehub.com/topical/naves/z/zephaniah--father_of_josiah.htm",
    "Zephani'ah": "https://biblehub.com/topical/z/zephani'ah.htm",
    "Zephath": "https://biblehub.com/topical/z/zephath.htm",
    "Zephath: A Canaanitish City": "https://biblehub.com/topical/naves/z/zephath--a_canaanitish_city.htm",
    "Zephathah": "https://biblehub.com/topical/z/zephathah.htm",
    "Zephathah: A Valley West of Judah": "https://biblehub.com/topical/naves/z/zephathah--a_valley_west_of_judah.htm",
    "Zeph'athah": "https://biblehub.com/topical/z/zeph'athah.htm",
    "Zephathath": "https://biblehub.com/topical/z/zephathath.htm",
    "Zephi": "https://biblehub.com/topical/z/zephi.htm",
    "Zepho": "https://biblehub.com/topical/z/zepho.htm",
    "Zepho: Son of Eliphaz": "https://biblehub.com/topical/naves/z/zepho--son_of_eliphaz.htm",
    "Zephon": "https://biblehub.com/topical/z/zephon.htm",
    "Zephon: Son of Gad": "https://biblehub.com/topical/naves/z/zephon--son_of_gad.htm",
    "Zephonite": "https://biblehub.com/topical/z/zephonite.htm",
    "Zephonites": "https://biblehub.com/topical/z/zephonites.htm",
    "Ze'phonites": "https://biblehub.com/topical/z/ze'phonites.htm",
    "Zer": "https://biblehub.com/topical/z/zer.htm",
    "Zer: A City in the Territory of the Tribe of Naphtali": "https://biblehub.com/topical/naves/z/zer--a_city_in_the_territory_of_the_tribe_of_naphtali.htm",
    "Zera": "https://biblehub.com/topical/z/zera.htm",
    "Zerah": "https://biblehub.com/topical/z/zerah.htm",
    "Zerah the Ethiopian": "https://biblehub.com/topical/z/zerah_the_ethiopian.htm",
    "Zerah: A Gershonite": "https://biblehub.com/topical/naves/z/zerah--a_gershonite.htm",
    "Zerah: A Levite": "https://biblehub.com/topical/naves/z/zerah--a_levite.htm",
    "Zerah: Father of Jobab": "https://biblehub.com/topical/naves/z/zerah--father_of_jobab.htm",
    "Zerah: King of Ethiopia": "https://biblehub.com/topical/naves/z/zerah--king_of_ethiopia.htm",
    "Zerah: Son of Reuel": "https://biblehub.com/topical/naves/z/zerah--son_of_reuel.htm",
    "Zerah: Son of Simeon": "https://biblehub.com/topical/naves/z/zerah--son_of_simeon.htm",
    "Zerahiah": "https://biblehub.com/topical/z/zerahiah.htm",
    "Zerahiah: An Ancestor of Ezra": "https://biblehub.com/topical/naves/z/zerahiah--an_ancestor_of_ezra.htm",
    "Zerahiah: Father of Elihoenai": "https://biblehub.com/topical/naves/z/zerahiah--father_of_elihoenai.htm",
    "Zerahi'ah": "https://biblehub.com/topical/z/zerahi'ah.htm",
    "Zerahite": "https://biblehub.com/topical/z/zerahite.htm",
    "Zerahites": "https://biblehub.com/topical/z/zerahites.htm",
    "Ze'rahites": "https://biblehub.com/topical/z/ze'rahites.htm",
    "Zer'ahites": "https://biblehub.com/topical/z/zer'ahites.htm",
    "Zereathites": "https://biblehub.com/topical/z/zereathites.htm",
    "Zered": "https://biblehub.com/topical/z/zered.htm",
    "Zered or Zared": "https://biblehub.com/topical/z/zered_or_zared.htm",
    "Zereda": "https://biblehub.com/topical/z/zereda.htm",
    "Zereda or Zeredathah": "https://biblehub.com/topical/z/zereda_or_zeredathah.htm",
    "Zereda: A City or District of Ephraim": "https://biblehub.com/topical/naves/z/zereda--a_city_or_district_of_ephraim.htm",
    "Zeredah": "https://biblehub.com/topical/z/zeredah.htm",
    "Zer'edah": "https://biblehub.com/topical/z/zer'edah.htm",
    "Zeredath": "https://biblehub.com/topical/z/zeredath.htm",
    "Zeredatha": "https://biblehub.com/topical/z/zeredatha.htm",
    "Zeredathah": "https://biblehub.com/topical/z/zeredathah.htm",
    "Zeredathah in the Territory of the Tribe of Manasseh": "https://biblehub.com/topical/naves/z/zeredathah_in_the_territory_of_the_tribe_of_manasseh.htm",
    "Zererah": "https://biblehub.com/topical/z/zererah.htm",
    "Zer'erah": "https://biblehub.com/topical/z/zer'erah.htm",
    "Zererath": "https://biblehub.com/topical/z/zererath.htm",
    "Zererath: A District of Uncertain Location": "https://biblehub.com/topical/naves/z/zererath--a_district_of_uncertain_location.htm",
    "Zeresh": "https://biblehub.com/topical/z/zeresh.htm",
    "Zeresh: Wife of Haman": "https://biblehub.com/topical/naves/z/zeresh--wife_of_haman.htm",
    "Zereth": "https://biblehub.com/topical/z/zereth.htm",
    "Zereth: Son of Ashur": "https://biblehub.com/topical/naves/z/zereth--son_of_ashur.htm",
    "Zerethshahar": "https://biblehub.com/topical/z/zerethshahar.htm",
    "Zereth-Shahar": "https://biblehub.com/topical/z/zereth-shahar.htm",
    "Zer'eth-sha'har": "https://biblehub.com/topical/z/zer'eth-sha'har.htm",
    "Zeri": "https://biblehub.com/topical/z/zeri.htm",
    "Zeri: Son of Jeduthun": "https://biblehub.com/topical/naves/z/zeri--son_of_jeduthun.htm",
    "Zeror": "https://biblehub.com/topical/z/zeror.htm",
    "Zeror: Father of Abiel": "https://biblehub.com/topical/naves/z/zeror--father_of_abiel.htm",
    "Zeruah": "https://biblehub.com/topical/z/zeruah.htm",
    "Zeruah: Mother of Jeroboam": "https://biblehub.com/topical/naves/z/zeruah--mother_of_jeroboam.htm",
    "Zeru'ah": "https://biblehub.com/topical/z/zeru'ah.htm",
    "Zerubbabel": "https://biblehub.com/topical/z/zerubbabel.htm",
    "Zerubbabel or Zorobabel": "https://biblehub.com/topical/z/zerubbabel_or_zorobabel.htm",
    "Zerubbabel: Appoints the Levites to Inaugarate the Rebuilding of the Temple": "https://biblehub.com/topical/naves/z/zerubbabel--appoints_the_levites_to_inaugarate_the_rebuilding_of_the_temple.htm",
    "Zerubbabel: Called Zorobabel in the Genealogy of Joseph": "https://biblehub.com/topical/naves/z/zerubbabel--called_zorobabel_in_the_genealogy_of_joseph.htm",
    "Zerubbabel: Directs the Rebuilding of the Altar and Temple After his Return from Captivity in Babylon": "https://biblehub.com/topical/naves/z/zerubbabel--directs_the_rebuilding_of_the_altar_and_temple_after_his_return_from_captivity_in_babylon.htm",
    "Zerubbabel: Leads the Emancipated Jews Back from Babylon": "https://biblehub.com/topical/naves/z/zerubbabel--leads_the_emancipated_jews_back_from_babylon.htm",
    "Zerubbabel: Prophecies Relating To": "https://biblehub.com/topical/naves/z/zerubbabel--prophecies_relating_to.htm",
    "Zerub'babel": "https://biblehub.com/topical/z/zerub'babel.htm",
    "Zeruiah": "https://biblehub.com/topical/z/zeruiah.htm",
    "Zeruiah: Mother of Three of David's Great Soldiers": "https://biblehub.com/topical/naves/z/zeruiah--mother_of_three_of_david's_great_soldiers.htm",
    "Zeruiah: Sister of David": "https://biblehub.com/topical/naves/z/zeruiah--sister_of_david.htm",
    "Zeru'iah": "https://biblehub.com/topical/z/zeru'iah.htm",
    "Zeruiah's": "https://biblehub.com/topical/z/zeruiah's.htm",
    "Zeruial": "https://biblehub.com/topical/z/zeruial.htm",
    "Zetham": "https://biblehub.com/topical/z/zetham.htm",
    "Zetham: A Son of Laadan": "https://biblehub.com/topical/naves/z/zetham--a_son_of_laadan.htm",
    "Zethan": "https://biblehub.com/topical/z/zethan.htm",
    "Zethan: Son of Bilhan": "https://biblehub.com/topical/naves/z/zethan--son_of_bilhan.htm",
    "Zethar": "https://biblehub.com/topical/z/zethar.htm",
    "Zethar: One of the Seven Chamberlains of the King of Persia": "https://biblehub.com/topical/naves/z/zethar--one_of_the_seven_chamberlains_of_the_king_of_persia.htm",
    "Zeus": "https://biblehub.com/topical/z/zeus.htm",
    "Zia": "https://biblehub.com/topical/z/zia.htm",
    "Zia: A Gadite": "https://biblehub.com/topical/naves/z/zia--a_gadite.htm",
    "Zi'a": "https://biblehub.com/topical/z/zi'a.htm",
    "Ziba": "https://biblehub.com/topical/z/ziba.htm",
    "Ziba: His Faithfulness to David": "https://biblehub.com/topical/naves/z/ziba--his_faithfulness_to_david.htm",
    "Ziba: His Fidelity to Mephibosheth": "https://biblehub.com/topical/naves/z/ziba--his_fidelity_to_mephibosheth.htm",
    "Ziba's": "https://biblehub.com/topical/z/ziba's.htm",
    "Zibeon": "https://biblehub.com/topical/z/zibeon.htm",
    "Zibeon: A Hivite": "https://biblehub.com/topical/naves/z/zibeon--a_hivite.htm",
    "Zibeon: Son of Seir": "https://biblehub.com/topical/naves/z/zibeon--son_of_seir.htm",
    "Zib'eon": "https://biblehub.com/topical/z/zib'eon.htm",
    "Zibia": "https://biblehub.com/topical/z/zibia.htm",
    "Zibia: A Benjamite": "https://biblehub.com/topical/naves/z/zibia--a_benjamite.htm",
    "Zib'i-a": "https://biblehub.com/topical/z/zib'i-a.htm",
    "Zibiah": "https://biblehub.com/topical/z/zibiah.htm",
    "Zibiah: Wife of Ahaziah": "https://biblehub.com/topical/naves/z/zibiah--wife_of_ahaziah.htm",
    "Zib'iah": "https://biblehub.com/topical/z/zib'iah.htm",
    "Zichri": "https://biblehub.com/topical/z/zichri.htm",
    "Zichri: A Levite": "https://biblehub.com/topical/naves/z/zichri--a_levite.htm",
    "Zichri: A Priest": "https://biblehub.com/topical/naves/z/zichri--a_priest.htm",
    "Zichri: An Ephraimite": "https://biblehub.com/topical/naves/z/zichri--an_ephraimite.htm",
    "Zichri: Father of Amasiah": "https://biblehub.com/topical/naves/z/zichri--father_of_amasiah.htm",
    "Zichri: Father of Elishaphat": "https://biblehub.com/topical/naves/z/zichri--father_of_elishaphat.htm",
    "Zichri: Father of Joel": "https://biblehub.com/topical/naves/z/zichri--father_of_joel.htm",
    "Zichri: Son of Izhar": "https://biblehub.com/topical/naves/z/zichri--son_of_izhar.htm",
    "Zichri: Three Benjamites": "https://biblehub.com/topical/naves/z/zichri--three_benjamites.htm",
    "Zichri: Two Chiefs in the Days of David": "https://biblehub.com/topical/naves/z/zichri--two_chiefs_in_the_days_of_david.htm",
    "Zicri": "https://biblehub.com/topical/z/zicri.htm",
    "Ziddim": "https://biblehub.com/topical/z/ziddim.htm",
    "Ziddim: A City in the Territory of the Tribe of Naphtali": "https://biblehub.com/topical/naves/z/ziddim--a_city_in_the_territory_of_the_tribe_of_naphtali.htm",
    "Ziddim-zer": "https://biblehub.com/topical/z/ziddim-zer.htm",
    "Zideon": "https://biblehub.com/topical/z/zideon.htm",
    "Zidkijah": "https://biblehub.com/topical/z/zidkijah.htm",
    "Zidkijah: A Chief Prince of the Exiles Who Returned to Jerusalem": "https://biblehub.com/topical/naves/z/zidkijah--a_chief_prince_of_the_exiles_who_returned_to_jerusalem.htm",
    "Zid-Kijah": "https://biblehub.com/topical/z/zid-kijah.htm",
    "Zidon": "https://biblehub.com/topical/z/zidon.htm",
    "Zidon or Sidon": "https://biblehub.com/topical/z/zidon_or_sidon.htm",
    "Zidonian": "https://biblehub.com/topical/z/zidonian.htm",
    "Zidonians": "https://biblehub.com/topical/z/zidonians.htm",
    "Zif": "https://biblehub.com/topical/z/zif.htm",
    "Zif: Second Month (May)": "https://biblehub.com/topical/naves/z/zif--second_month_(may).htm",
    "Ziggurats": "https://biblehub.com/topical/z/ziggurats.htm",
    "Ziglag": "https://biblehub.com/topical/z/ziglag.htm",
    "Ziha": "https://biblehub.com/topical/z/ziha.htm",
    "Ziha: A Ruler of the Nethinim": "https://biblehub.com/topical/naves/z/ziha--a_ruler_of_the_nethinim.htm",
    "Ziha: One of the Nethinim": "https://biblehub.com/topical/naves/z/ziha--one_of_the_nethinim.htm",
    "Ziim": "https://biblehub.com/topical/z/ziim.htm",
    "Ziklag": "https://biblehub.com/topical/z/ziklag.htm",
    "Ziklag: A City Within the Territory Allotted to the Tribe of Judah": "https://biblehub.com/topical/naves/z/ziklag--a_city_within_the_territory_allotted_to_the_tribe_of_judah.htm",
    "Ziklag: Amalekites Destroy": "https://biblehub.com/topical/naves/z/ziklag--amalekites_destroy.htm",
    "Ziklag: David Lives At": "https://biblehub.com/topical/naves/z/ziklag--david_lives_at.htm",
    "Ziklag: Inhabited by the Returned Exiles of Judah": "https://biblehub.com/topical/naves/z/ziklag--inhabited_by_the_returned_exiles_of_judah.htm",
    "Ziklag: Re-Allotted to the Tribe of Simeon": "https://biblehub.com/topical/naves/z/ziklag--re-allotted_to_the_tribe_of_simeon.htm",
    "Zillah": "https://biblehub.com/topical/z/zillah.htm",
    "Zillah: Wife of Lamech": "https://biblehub.com/topical/naves/z/zillah--wife_of_lamech.htm",
    "Zillethai": "https://biblehub.com/topical/z/zillethai.htm",
    "Zil'lethai": "https://biblehub.com/topical/z/zil'lethai.htm",
    "Zillthai": "https://biblehub.com/topical/z/zillthai.htm",
    "Zilpah": "https://biblehub.com/topical/z/zilpah.htm",
    "Zilpah: Leah's Handmaiden": "https://biblehub.com/topical/naves/z/zilpah--leah's_handmaiden.htm",
    "Zilpah: Mother of Gad and Asher by Jacob": "https://biblehub.com/topical/naves/z/zilpah--mother_of_gad_and_asher_by_jacob.htm",
    "Zilthai": "https://biblehub.com/topical/z/zilthai.htm",
    "Zilthai: A Benjamite": "https://biblehub.com/topical/naves/z/zilthai--a_benjamite.htm",
    "Zilthai: A Captain of the Tribe of Manasseh": "https://biblehub.com/topical/naves/z/zilthai--a_captain_of_the_tribe_of_manasseh.htm",
    "Zimmah": "https://biblehub.com/topical/z/zimmah.htm",
    "Zimmah: A Son of Jahath": "https://biblehub.com/topical/naves/z/zimmah--a_son_of_jahath.htm",
    "Zimmah: Two Gershonites": "https://biblehub.com/topical/naves/z/zimmah--two_gershonites.htm",
    "Zimran": "https://biblehub.com/topical/z/zimran.htm",
    "Zimran: A Son of Abraham": "https://biblehub.com/topical/naves/z/zimran--a_son_of_abraham.htm",
    "Zimri": "https://biblehub.com/topical/z/zimri.htm",
    "Zimri: A Benjamite": "https://biblehub.com/topical/naves/z/zimri--a_benjamite.htm",
    "Zimri: A Chief of Simeon": "https://biblehub.com/topical/naves/z/zimri--a_chief_of_simeon.htm",
    "Zimri: An Unknown Place": "https://biblehub.com/topical/naves/z/zimri--an_unknown_place.htm",
    "Zimri: King of Israel": "https://biblehub.com/topical/naves/z/zimri--king_of_israel.htm",
    "Zimri: Son of Zerah": "https://biblehub.com/topical/naves/z/zimri--son_of_zerah.htm",
    "Zimzi": "https://biblehub.com/topical/z/zimzi.htm",
    "Zimri's": "https://biblehub.com/topical/z/zimri's.htm",
    "Zin": "https://biblehub.com/topical/z/zin.htm",
    "Zin: A Desert South of Judah": "https://biblehub.com/topical/naves/z/zin--a_desert_south_of_judah.htm",
    "Zina": "https://biblehub.com/topical/z/zina.htm",
    "Zina: A Son of Shimei": "https://biblehub.com/topical/naves/z/zina--a_son_of_shimei.htm",
    "Zina: Called Zizah In": "https://biblehub.com/topical/naves/z/zina--called_zizah_in.htm",
    "Zion": "https://biblehub.com/topical/z/zion.htm",
    "Zion or Sion": "https://biblehub.com/topical/z/zion_or_sion.htm",
    "Zion: Applied to Jerusalem": "https://biblehub.com/topical/naves/z/zion--applied_to_jerusalem.htm",
    "Zion: Applied to the City of the Redeemed": "https://biblehub.com/topical/naves/z/zion--applied_to_the_city_of_the_redeemed.htm",
    "Zion: Called \"The City of David\"": "https://biblehub.com/topical/naves/z/zion--called_the_city_of_david.htm",
    "Zion: Called the City of God": "https://biblehub.com/topical/naves/z/zion--called_the_city_of_god.htm",
    "Zion: Captured from the Jebusites by David": "https://biblehub.com/topical/naves/z/zion--captured_from_the_jebusites_by_david.htm",
    "Zion: Collectively, the Place, the Forms, and the Assemblies of Israelite Worship": "https://biblehub.com/topical/naves/z/zion--collectively,_the_place,_the_forms,_and_the_assemblies_of_israelite_worship.htm",
    "Zion: Restoration of, Promised": "https://biblehub.com/topical/naves/z/zion--restoration_of,_promised.htm",
    "Zion: The Ark of the Covenant: Placed In": "https://biblehub.com/topical/naves/z/zion--the_ark_of_the_covenant--placed_in.htm",
    "Zion: The Ark of the Covenant: Removed From, to Solomon's Temple on Mount Moriah": "https://biblehub.com/topical/naves/z/zion--the_ark_of_the_covenant--removed_from,_to_solomon's_temple_on_mount_moriah.htm",
    "Zion's": "https://biblehub.com/topical/z/zion's.htm",
    "Zionward": "https://biblehub.com/topical/z/zionward.htm",
    "Zior": "https://biblehub.com/topical/z/zior.htm",
    "Zior: A City in the Territory of the Tribe of Judah": "https://biblehub.com/topical/naves/z/zior--a_city_in_the_territory_of_the_tribe_of_judah.htm",
    "Zi'or": "https://biblehub.com/topical/z/zi'or.htm",
    "Ziph": "https://biblehub.com/topical/z/ziph.htm",
    "Ziph: Grandson of Caleb": "https://biblehub.com/topical/naves/z/ziph--grandson_of_caleb.htm",
    "Ziph: Son of Jehaleleel": "https://biblehub.com/topical/naves/z/ziph--son_of_jehaleleel.htm",
    "Ziph: Two Cities of the Tribe of Judah": "https://biblehub.com/topical/naves/z/ziph--two_cities_of_the_tribe_of_judah.htm",
    "Ziphah": "https://biblehub.com/topical/z/ziphah.htm",
    "Ziphah: A Son of Jehaleleel": "https://biblehub.com/topical/naves/z/ziphah--a_son_of_jehaleleel.htm",
    "Ziphim": "https://biblehub.com/topical/z/ziphim.htm",
    "Ziphims": "https://biblehub.com/topical/z/ziphims.htm",
    "Ziphion": "https://biblehub.com/topical/z/ziphion.htm",
    "Ziphion: A Son of Gad": "https://biblehub.com/topical/naves/z/ziphion--a_son_of_gad.htm",
    "Ziphion: Called Zephon In": "https://biblehub.com/topical/naves/z/ziphion--called_zephon_in.htm",
    "Ziph'ion": "https://biblehub.com/topical/z/ziph'ion.htm",
    "Ziphites": "https://biblehub.com/topical/z/ziphites.htm",
    "Ziphran": "https://biblehub.com/topical/z/ziphran.htm",
    "Ziphron": "https://biblehub.com/topical/z/ziphron.htm",
    "Ziphron: A Place in the North of Palestine": "https://biblehub.com/topical/naves/z/ziphron--a_place_in_the_north_of_palestine.htm",
    "Zippor": "https://biblehub.com/topical/z/zippor.htm",
    "Zippor: Father of Balak": "https://biblehub.com/topical/naves/z/zippor--father_of_balak.htm",
    "Zipporah": "https://biblehub.com/topical/z/zipporah.htm",
    "Zipporah or Zipporah": "https://biblehub.com/topical/z/zipporah_or_zipporah.htm",
    "Zipporah: Miriam and Aaron Upbraid Moses Concerning": "https://biblehub.com/topical/naves/z/zipporah--miriam_and_aaron_upbraid_moses_concerning.htm",
    "Zipporah: Reproaches Moses": "https://biblehub.com/topical/naves/z/zipporah--reproaches_moses.htm",
    "Zipporah: Separates from Moses, is Brought Again to Him by Her Father": "https://biblehub.com/topical/naves/z/zipporah--separates_from_moses,_is_brought_again_to_him_by_her_father.htm",
    "Zipporah: Wife of Moses": "https://biblehub.com/topical/naves/z/zipporah--wife_of_moses.htm",
    "Zippo'rah": "https://biblehub.com/topical/z/zippo'rah.htm",
    "Zither": "https://biblehub.com/topical/z/zither.htm",
    "Zithri": "https://biblehub.com/topical/z/zithri.htm",
    "Zithri: A Son of Uzziel": "https://biblehub.com/topical/naves/z/zithri--a_son_of_uzziel.htm",
    "Ziv": "https://biblehub.com/topical/z/ziv.htm",
    "Ziz": "https://biblehub.com/topical/z/ziz.htm",
    "Ziz: A Pass in the Territory of the Tribe of Judah": "https://biblehub.com/topical/naves/z/ziz--a_pass_in_the_territory_of_the_tribe_of_judah.htm",
    "Ziza": "https://biblehub.com/topical/z/ziza.htm",
    "Ziza: A Simeonite": "https://biblehub.com/topical/naves/z/ziza--a_simeonite.htm",
    "Ziza: Son of Rehoboam": "https://biblehub.com/topical/naves/z/ziza--son_of_rehoboam.htm",
    "Zizah": "https://biblehub.com/topical/z/zizah.htm",
    "Zizah: A Gershonite": "https://biblehub.com/topical/naves/z/zizah--a_gershonite.htm",
    "Zizah: Called Zina In": "https://biblehub.com/topical/naves/z/zizah--called_zina_in.htm",
    "Zoan": "https://biblehub.com/topical/z/zoan.htm",
    "Zoan: Built Seven Years After Hebron in the Land of Canaan": "https://biblehub.com/topical/naves/z/zoan--built_seven_years_after_hebron_in_the_land_of_canaan.htm",
    "Zoan: Princes of": "https://biblehub.com/topical/naves/z/zoan--princes_of.htm",
    "Zoan: Prophecies Concerning": "https://biblehub.com/topical/naves/z/zoan--prophecies_concerning.htm",
    "Zoan: Wise Men From, Were Counselors of Pharaoh": "https://biblehub.com/topical/naves/z/zoan--wise_men_from,_were_counselors_of_pharaoh.htm",
    "Zo'an": "https://biblehub.com/topical/z/zo'an.htm",
    "Zoar": "https://biblehub.com/topical/z/zoar.htm",
    "Zoar: A City of the Moabites, Near the Jordan River": "https://biblehub.com/topical/naves/z/zoar--a_city_of_the_moabites,_near_the_jordan_river.htm",
    "Zoar: King of, Fought Against Chedorlaomer": "https://biblehub.com/topical/naves/z/zoar--king_of,_fought_against_chedorlaomer.htm",
    "Zoar: Not Destroyed With Sodom and Gomorrah": "https://biblehub.com/topical/naves/z/zoar--not_destroyed_with_sodom_and_gomorrah.htm",
    "Zoar: Territory of": "https://biblehub.com/topical/naves/z/zoar--territory_of.htm",
    "Zo'ar": "https://biblehub.com/topical/z/zo'ar.htm",
    "Zoba": "https://biblehub.com/topical/z/zoba.htm",
    "Zoba or Zobah": "https://biblehub.com/topical/z/zoba_or_zobah.htm",
    "Zobah": "https://biblehub.com/topical/z/zobah.htm",
    "Zobah: A Kingdom in the North of Palestine": "https://biblehub.com/topical/naves/z/zobah--a_kingdom_in_the_north_of_palestine.htm",
    "Zobah: Conquest of, by David": "https://biblehub.com/topical/naves/z/zobah--conquest_of,_by_david.htm",
    "Zobah: David Writes a Psalm After the Conquest of, See the Title of": "https://biblehub.com/topical/naves/z/zobah--david_writes_a_psalm_after_the_conquest_of,_see_the_title_of.htm",
    "Zobah: Invaded by Solomon": "https://biblehub.com/topical/naves/z/zobah--invaded_by_solomon.htm",
    "Zobah: Its Inhabitants Mercenaries of the Ammonites Against David": "https://biblehub.com/topical/naves/z/zobah--its_inhabitants_mercenaries_of_the_ammonites_against_david.htm",
    "Zobebah": "https://biblehub.com/topical/z/zobebah.htm",
    "Zobebah: Daughter of Coz": "https://biblehub.com/topical/naves/z/zobebah--daughter_of_coz.htm",
    "Zobe'bah": "https://biblehub.com/topical/z/zobe'bah.htm",
    "Zohar": "https://biblehub.com/topical/z/zohar.htm",
    "Zohar: Father of Ephron": "https://biblehub.com/topical/naves/z/zohar--father_of_ephron.htm",
    "Zohar: Son of Simeon": "https://biblehub.com/topical/naves/z/zohar--son_of_simeon.htm",
    "Zoheleth": "https://biblehub.com/topical/z/zoheleth.htm",
    "Zoheleth: A Stone Near En-Rogel": "https://biblehub.com/topical/naves/z/zoheleth--a_stone_near_en-rogel.htm",
    "Zoheth": "https://biblehub.com/topical/z/zoheth.htm",
    "Zoheth: Son of Ishi": "https://biblehub.com/topical/naves/z/zoheth--son_of_ishi.htm",
    "Zoology": "https://biblehub.com/topical/z/zoology.htm",
    "Zophah": "https://biblehub.com/topical/z/zophah.htm",
    "Zophah: Son of Helem": "https://biblehub.com/topical/naves/z/zophah--son_of_helem.htm",
    "Zophai": "https://biblehub.com/topical/z/zophai.htm",
    "Zophai: Son of Elkanah": "https://biblehub.com/topical/naves/z/zophai--son_of_elkanah.htm",
    "Sarcasm: Zophar to Job": "https://biblehub.com/topical/naves/s/sarcasm--zophar_to_job.htm",
    "Zophar": "https://biblehub.com/topical/z/zophar.htm",
    "Zophar: One of Job's Three Friends": "https://biblehub.com/topical/naves/z/zophar--one_of_job's_three_friends.htm",
    "Zophim": "https://biblehub.com/topical/z/zophim.htm",
    "Zophim: A City on Mount Ephraim": "https://biblehub.com/topical/naves/z/zophim--a_city_on_mount_ephraim.htm",
    "Zophim: A Place on the Top of Pisgah": "https://biblehub.com/topical/naves/z/zophim--a_place_on_the_top_of_pisgah.htm",
    "Zorah": "https://biblehub.com/topical/z/zorah.htm",
    "Zorah: A City of the Tribe of Dan or Possibly the Tribe of Judah": "https://biblehub.com/topical/naves/z/zorah--a_city_of_the_tribe_of_dan_or_possibly_the_tribe_of_judah.htm",
    "Zorah: Fortified by Rehoboam": "https://biblehub.com/topical/naves/z/zorah--fortified_by_rehoboam.htm",
    "Zorah: Re-Populated After the Captivity": "https://biblehub.com/topical/naves/z/zorah--re-populated_after_the_captivity.htm",
    "Zorah: Representatives of the Tribe of Dan Sent From, to Spy out the Land With a View to Its Conquest": "https://biblehub.com/topical/naves/z/zorah--representatives_of_the_tribe_of_dan_sent_from,_to_spy_out_the_land_with_a_view_to_its_conquest.htm",
    "Zorah: The City of Samson": "https://biblehub.com/topical/naves/z/zorah--the_city_of_samson.htm",
    "Zorathite": "https://biblehub.com/topical/z/zorathite.htm",
    "Zorathites": "https://biblehub.com/topical/z/zorathites.htm",
    "Zo'rathites": "https://biblehub.com/topical/z/zo'rathites.htm",
    "Zoreah": "https://biblehub.com/topical/z/zoreah.htm",
    "Zoreathites": "https://biblehub.com/topical/z/zoreathites.htm",
    "Zorite": "https://biblehub.com/topical/z/zorite.htm",
    "Zorites": "https://biblehub.com/topical/z/zorites.htm",
    "Zoroastrianism": "https://biblehub.com/topical/z/zoroastrianism.htm",
    "Zorobabel": "https://biblehub.com/topical/z/zorobabel.htm",
    "Zorobabel: An Ancestor of Joseph": "https://biblehub.com/topical/naves/z/zorobabel--an_ancestor_of_joseph.htm",
    "Zorzelleus": "https://biblehub.com/topical/z/zorzelleus.htm",
    "Zuar": "https://biblehub.com/topical/z/zuar.htm",
    "Zuar: Father of Nethaneel": "https://biblehub.com/topical/naves/z/zuar--father_of_nethaneel.htm",
    "Zu'ar": "https://biblehub.com/topical/z/zu'ar.htm",
    "Zuf": "https://biblehub.com/topical/z/zuf.htm",
    "Zuph": "https://biblehub.com/topical/z/zuph.htm",
    "Zuph Plur or Zophim": "https://biblehub.com/topical/z/zuph_plur_or_zophim.htm",
    "Zuph: A District Northwest of Jerusalem": "https://biblehub.com/topical/naves/z/zuph--a_district_northwest_of_jerusalem.htm",
    "Zuph: A Kohathite": "https://biblehub.com/topical/naves/z/zuph--a_kohathite.htm",
    "Zuphite": "https://biblehub.com/topical/z/zuphite.htm",
    "Zur": "https://biblehub.com/topical/z/zur.htm",
    "Zur: A Benjamite": "https://biblehub.com/topical/naves/z/zur--a_benjamite.htm",
    "Zur: A Prince of Midian": "https://biblehub.com/topical/naves/z/zur--a_prince_of_midian.htm",
    "Zuriel": "https://biblehub.com/topical/z/zuriel.htm",
    "Zuriel: A Merarite": "https://biblehub.com/topical/naves/z/zuriel--a_merarite.htm",
    "Zu'riel": "https://biblehub.com/topical/z/zu'riel.htm",
    "Zurishaddai": "https://biblehub.com/topical/z/zurishaddai.htm",
    "Zurishaddai: Father of Shelumiel": "https://biblehub.com/topical/naves/z/zurishaddai--father_of_shelumiel.htm",
    "Zurishad'dai": "https://biblehub.com/topical/z/zurishad'dai.htm",
    "Zuzim": "https://biblehub.com/topical/z/zuzim.htm",
    "Zuzims": "https://biblehub.com/topical/z/zuzims.htm",
    "Zuzites": "https://biblehub.com/topical/z/zuzites.htm"
}